Variable,Region,Unit,2020,2025,2030,2035,2040,2045,2050,2055,2060,2065,2070,2075,2080,2085,2090,2095,2100
population,CAN,,0.0377912,0.0396524,0.0414138,0.0430335,0.0445721,0.0460997,0.0476193,0.0491076,0.0505014,0.0517385,0.0528001,0.0536777,0.0543612,0.0548249,0.0549846,0.0547999,0.0544633
population,USA,,0.342454,0.35558,0.368237,0.380044,0.390884,0.400817,0.410337,0.419895,0.429334,0.438313,0.446375,0.453123,0.45852,0.462602,0.46532,0.46677,0.467715
population,MEX,,0.124815,0.130375,0.135265,0.139384,0.142734,0.145326,0.147107,0.148066,0.148407,0.148364,0.148063,0.147569,0.146812,0.145729,0.144416,0.142995,0.141516
population,RCAM,,0.0933415,0.0970866,0.100338,0.103056,0.105235,0.106873,0.107943,0.108442,0.108503,0.108265,0.107775,0.107058,0.106123,0.104989,0.103701,0.102311,0.10086
population,BRA,,0.210843,0.217459,0.222925,0.227073,0.22995,0.231618,0.231978,0.230962,0.228773,0.225649,0.221686,0.216971,0.211683,0.206029,0.200218,0.194401,0.188504
population,RSAM,,0.21934,0.228868,0.23732,0.244558,0.250544,0.255257,0.25866,0.260756,0.26172,0.261741,0.260878,0.259175,0.256725,0.253642,0.250061,0.246127,0.241993
population,NAF,,0.193293,0.203702,0.213017,0.221224,0.228385,0.234522,0.239455,0.243015,0.245286,0.246404,0.246456,0.245556,0.243961,0.241914,0.239454,0.236608,0.233557
population,WAF,,0.530424,0.592067,0.655758,0.720603,0.785934,0.850828,0.913114,0.970862,1.02437,1.07424,1.1201,1.16137,1.19784,1.2293,1.25521,1.27579,1.29447
population,EAF,,0.329518,0.365987,0.402656,0.439,0.474635,0.509145,0.541852,0.572134,0.599867,0.625034,0.647538,0.667259,0.684048,0.697729,0.708046,0.715171,0.721074
population,SAF,,0.0551186,0.0571576,0.0589288,0.0604016,0.0616135,0.0626119,0.063415,0.064026,0.0644178,0.0645558,0.0644038,0.0639466,0.063253,0.0623933,0.061358,0.0601408,0.0588272
population,WEU,,0.426323,0.433244,0.439567,0.445431,0.450749,0.455378,0.459191,0.462076,0.463972,0.464888,0.465052,0.464685,0.463758,0.462117,0.45935,0.455219,0.450427
population,CEU,,0.125962,0.125281,0.124271,0.122881,0.121259,0.119564,0.117796,0.115891,0.113691,0.111071,0.108123,0.105002,0.101873,0.0988759,0.0960457,0.0933623,0.0906971
population,TUR,,0.0846097,0.088357,0.0916667,0.094503,0.0968679,0.0987614,0.100138,0.100968,0.101337,0.101336,0.100976,0.100261,0.0992502,0.0980168,0.096636,0.0951745,0.0936616
population,UKR,,0.055403,0.0540496,0.0528561,0.0518116,0.0508842,0.0500414,0.0492663,0.0485387,0.0478064,0.0470191,0.0461655,0.0452476,0.0442806,0.0432815,0.0422617,0.0412276,0.0401718
population,STAN,,0.0676045,0.0699377,0.0718189,0.0732722,0.0743557,0.0751082,0.0754569,0.0753469,0.0749068,0.0742797,0.0734814,0.0725052,0.0713823,0.0701595,0.0689093,0.0676885,0.0664658
population,RUS,,0.158455,0.157412,0.156218,0.155146,0.154249,0.153492,0.15274,0.151851,0.15079,0.149541,0.148084,0.146399,0.14449,0.142371,0.140072,0.137631,0.135095
population,ME,,0.263065,0.285131,0.306303,0.326671,0.345899,0.36355,0.379227,0.392616,0.403721,0.412612,0.419324,0.423927,0.426673,0.427829,0.427549,0.426069,0.424079
population,INDIA,,1.37661,1.44909,1.51596,1.57718,1.63228,1.68037,1.71946,1.74766,1.76458,1.77047,1.76653,1.75399,1.73335,1.70508,1.67051,1.63131,1.58968
population,KOR,,0.0746478,0.075075,0.0750756,0.0745735,0.073517,0.0718931,0.0698177,0.0674339,0.0648637,0.0622139,0.0595513,0.0569292,0.0543857,0.0519548,0.049669,0.0475299,0.0454194
population,CHN,,1.41954,1.426,1.42195,1.40662,1.38087,1.34602,1.30349,1.25492,1.20248,1.1483,1.09369,1.03956,0.985984,0.933318,0.883916,0.839378,0.796333
population,SEAS,,0.394819,0.411503,0.425866,0.437598,0.446609,0.452919,0.456769,0.458444,0.458171,0.456143,0.452485,0.447333,0.440946,0.433611,0.425624,0.41724,0.40858
population,INDO,,0.260812,0.269872,0.27738,0.283254,0.287282,0.289295,0.289422,0.287862,0.284802,0.280445,0.275044,0.268855,0.262098,0.254973,0.247645,0.240228,0.232667
population,JAP,,0.125855,0.123872,0.121416,0.118666,0.115712,0.112629,0.109516,0.106437,0.10327,0.0998998,0.0964176,0.0929349,0.0894307,0.0858793,0.0823682,0.0789679,0.0755669
population,OCE,,0.0341575,0.0363757,0.0384963,0.0405002,0.0424215,0.0442955,0.0461088,0.0478277,0.0493875,0.0507286,0.051843,0.0527344,0.0534001,0.0538232,0.0539367,0.0537147,0.0533452
population,RSAS,,0.494073,0.528905,0.561927,0.592322,0.620116,0.645342,0.667197,0.684907,0.698639,0.70882,0.715986,0.720624,0.722926,0.72299,0.720833,0.716671,0.711615
population,RSAF,,0.17262,0.191656,0.211056,0.230495,0.249617,0.268058,0.285462,0.30155,0.316365,0.32998,0.342272,0.353126,0.362671,0.370973,0.377615,0.382396,0.386448
regional_emissions,CAN,GtCO2/yr,0.511577,0.519955,0.545712,0.579719,0.593198,0.567308,0.542573,0.559688,0.600336,0.634995,0.648779,0.635355,0.607639,0.582741,0.575127,0.593059,0.622778
regional_emissions,USA,GtCO2/yr,5.39382,5.16396,4.97223,4.93032,4.99208,5.08066,5.16217,5.21605,5.23219,5.20791,5.16044,5.11645,5.11819,5.19282,5.29274,5.36738,5.42869
regional_emissions,MEX,GtCO2/yr,0.572878,0.590963,0.625281,0.680991,0.732812,0.75747,0.771418,0.796066,0.832576,0.87532,0.911756,0.931586,0.940375,0.947972,0.965413,0.999965,1.04284
regional_emissions,RCAM,GtCO2/yr,0.302334,0.321285,0.343045,0.362792,0.390354,0.436684,0.503148,0.586422,0.673937,0.753072,0.820316,0.875656,0.923794,0.969253,1.01112,1.04819,1.0836
regional_emissions,BRA,GtCO2/yr,1.57743,1.61734,1.71152,1.9254,2.15207,2.26123,2.20485,1.9832,1.70747,1.50637,1.46744,1.60974,1.72049,1.6151,1.45247,1.41649,1.44904
regional_emissions,RSAM,GtCO2/yr,1.38348,1.5526,1.65161,1.66018,1.73468,1.98934,2.19415,2.13263,1.98562,1.97095,2.05905,2.16503,2.22915,2.2195,2.19027,2.19863,2.22807
regional_emissions,NAF,GtCO2/yr,0.583268,0.66482,0.732687,0.780242,0.808522,0.825051,0.858896,0.934096,1.03373,1.13299,1.21602,1.27523,1.32604,1.38512,1.45213,1.52321,1.597
regional_emissions,WAF,GtCO2/yr,1.817,2.79558,3.32197,3.04948,2.62621,2.68211,2.74983,2.33812,1.97569,2.24737,2.94945,3.74725,4.56236,5.38551,6.22512,7.08932,7.97098
regional_emissions,EAF,GtCO2/yr,0.283526,0.469212,0.607725,0.634056,0.603113,0.586041,0.594138,0.626463,0.693729,0.810305,0.994282,1.25987,1.60272,2.00303,2.39705,2.7317,3.039
regional_emissions,SAF,GtCO2/yr,0.507151,0.556463,0.581453,0.58894,0.604577,0.64877,0.703713,0.746607,0.772763,0.783231,0.783918,0.781255,0.778813,0.778772,0.780751,0.783873,0.787664
regional_emissions,WEU,GtCO2/yr,3.13174,2.9774,2.86039,2.80564,2.85218,3.02362,3.26796,3.51651,3.7104,3.81735,3.9029,4.02557,4.11502,4.10791,4.09873,4.18561,4.32284
regional_emissions,CEU,GtCO2/yr,0.784933,0.76125,0.744534,0.762621,0.796029,0.820394,0.839906,0.861867,0.878228,0.879975,0.869836,0.851702,0.821507,0.778067,0.740135,0.72436,0.719121
regional_emissions,TUR,GtCO2/yr,0.435783,0.494793,0.533934,0.546629,0.550073,0.563415,0.590432,0.628826,0.667276,0.695252,0.714401,0.729399,0.744738,0.762158,0.772757,0.768879,0.758301
regional_emissions,UKR,GtCO2/yr,0.403864,0.404391,0.419988,0.466004,0.510121,0.521533,0.523075,0.54001,0.555389,0.549372,0.53263,0.519998,0.511458,0.504324,0.500769,0.502926,0.507801
regional_emissions,STAN,GtCO2/yr,0.485141,0.531112,0.562823,0.571103,0.556311,0.526748,0.513113,0.536541,0.561057,0.555757,0.565759,0.631899,0.701527,0.718672,0.706964,0.701076,0.700523
regional_emissions,RUS,GtCO2/yr,1.8782,1.99982,2.09223,2.12918,2.12225,2.09287,2.06319,2.052,2.07209,2.12017,2.1327,2.06121,1.97514,1.94654,1.94261,1.91786,1.88022
regional_emissions,ME,GtCO2/yr,2.00627,2.12458,2.2491,2.43172,2.62916,2.79261,2.94872,3.12826,3.30652,3.45296,3.56994,3.67233,3.79024,3.94467,4.10649,4.24506,4.37338
regional_emissions,INDIA,GtCO2/yr,2.77719,3.47423,4.11557,4.66226,5.25343,6.0186,6.88282,7.7456,8.60453,9.455,10.1882,10.7151,11.1224,11.5029,11.8061,11.9795,12.1008
regional_emissions,KOR,GtCO2/yr,0.784572,0.836902,0.866968,0.86412,0.842869,0.819431,0.794942,0.767299,0.73647,0.702478,0.663566,0.619018,0.574205,0.535287,0.505405,0.485322,0.469182
regional_emissions,CHN,GtCO2/yr,11.3913,12.6008,13.3211,13.5515,13.4823,13.267,12.9024,12.3666,11.6911,10.9094,10.0357,9.10322,8.22936,7.52787,7.01665,6.6706,6.38747
regional_emissions,SEAS,GtCO2/yr,1.51417,1.83417,2.11254,2.27472,2.33563,2.3424,2.38436,2.52683,2.6979,2.82281,2.95115,3.12759,3.25426,3.24901,3.23255,3.3306,3.48949
regional_emissions,INDO,GtCO2/yr,1.63506,1.74108,1.82232,1.9101,1.95981,1.93276,1.89917,1.93169,2.00824,2.08605,2.13244,2.13064,2.11686,2.1282,2.15426,2.17767,2.19942
regional_emissions,JAP,GtCO2/yr,1.06462,1.01039,0.969801,0.948723,0.944726,0.952981,0.969067,0.987315,0.996262,0.985993,0.958505,0.920636,0.886449,0.867372,0.857172,0.847128,0.836236
regional_emissions,OCE,GtCO2/yr,0.388396,0.370826,0.368554,0.421271,0.491187,0.529778,0.523765,0.48074,0.456047,0.491807,0.529786,0.511596,0.478588,0.480695,0.502796,0.520032,0.533446
regional_emissions,RSAS,GtCO2/yr,0.417044,0.549174,0.68838,0.827199,0.981095,1.16963,1.40669,1.69641,2.00952,2.3187,2.63765,2.98495,3.35757,3.74962,4.16396,4.60248,5.05615
regional_emissions,RSAF,GtCO2/yr,0.786528,0.730453,0.80862,1.17419,1.48975,1.41977,1.15832,0.984184,0.957515,1.07292,1.28697,1.54733,1.80467,2.02657,2.24226,2.48438,2.74122
baseline,CAN,GtCO2/yr,0.511577,0.520255,0.546027,0.580054,0.59354,0.567635,0.542886,0.560011,0.600683,0.635362,0.649154,0.635722,0.60799,0.583077,0.575459,0.593401,0.623138
baseline,USA,GtCO2/yr,5.39382,5.16695,4.9751,4.93317,4.99496,5.08359,5.16515,5.21906,5.23521,5.21092,5.16342,5.11941,5.12115,5.19582,5.2958,5.37048,5.43183
baseline,MEX,GtCO2/yr,0.572878,0.591305,0.625642,0.681384,0.733235,0.757907,0.771863,0.796526,0.833057,0.875825,0.912283,0.932124,0.940918,0.94852,0.965971,1.00054,1.04344
baseline,RCAM,GtCO2/yr,0.302334,0.32147,0.343243,0.363002,0.390579,0.436937,0.503438,0.586761,0.674327,0.753507,0.82079,0.876162,0.924328,0.969813,1.0117,1.04879,1.08423
baseline,BRA,GtCO2/yr,1.57743,1.61827,1.71251,1.92651,2.15331,2.26254,2.20613,1.98435,1.70846,1.50724,1.46828,1.61067,1.72148,1.61603,1.45331,1.41731,1.44988
baseline,RSAM,GtCO2/yr,1.38348,1.55349,1.65257,1.66114,1.73568,1.99049,2.19542,2.13386,1.98676,1.97209,2.06024,2.16629,2.23044,2.22078,2.19153,2.1999,2.22936
baseline,NAF,GtCO2/yr,0.583268,0.665204,0.73311,0.780693,0.808989,0.825528,0.859392,0.934636,1.03433,1.13365,1.21672,1.27596,1.32681,1.38592,1.45297,1.52409,1.59792
baseline,WAF,GtCO2/yr,1.817,2.79719,3.32389,3.05124,2.62773,2.68366,2.75142,2.33947,1.97683,2.24867,2.95115,3.74941,4.565,5.38862,6.22872,7.09342,7.97558
baseline,EAF,GtCO2/yr,0.283526,0.469483,0.608076,0.634422,0.603462,0.586379,0.594482,0.626825,0.694129,0.810773,0.994856,1.2606,1.60365,2.00419,2.39843,2.73328,3.04075
baseline,SAF,GtCO2/yr,0.507151,0.556785,0.581789,0.58928,0.604926,0.649145,0.70412,0.747038,0.773209,0.783683,0.784371,0.781707,0.779263,0.779221,0.781202,0.784325,0.788119
baseline,WEU,GtCO2/yr,3.13174,2.97912,2.86205,2.80727,2.85382,3.02537,3.26984,3.51854,3.71254,3.81955,3.90516,4.02789,4.1174,4.11028,4.1011,4.18803,4.32533
baseline,CEU,GtCO2/yr,0.784933,0.76169,0.744964,0.763061,0.796489,0.820868,0.840392,0.862365,0.878735,0.880484,0.870338,0.852194,0.821982,0.778516,0.740562,0.724778,0.719537
baseline,TUR,GtCO2/yr,0.435783,0.495079,0.534243,0.546944,0.550391,0.56374,0.590773,0.629189,0.667662,0.695654,0.714814,0.729821,0.745168,0.762598,0.773204,0.769323,0.758739
baseline,UKR,GtCO2/yr,0.403864,0.404624,0.420231,0.466273,0.510416,0.521835,0.523377,0.540322,0.55571,0.54969,0.532937,0.520299,0.511753,0.504615,0.501058,0.503216,0.508094
baseline,STAN,GtCO2/yr,0.485141,0.531418,0.563148,0.571433,0.556632,0.527052,0.513409,0.536851,0.561381,0.556078,0.566086,0.632264,0.701932,0.719087,0.707372,0.701481,0.700928
baseline,RUS,GtCO2/yr,1.8782,2.00097,2.09344,2.13041,2.12347,2.09408,2.06438,2.05318,2.07329,2.1214,2.13393,2.0624,1.97629,1.94767,1.94373,1.91897,1.88131
baseline,ME,GtCO2/yr,2.00627,2.12581,2.2504,2.43313,2.63068,2.79422,2.95042,3.13007,3.30843,3.45496,3.572,3.67445,3.79243,3.94695,4.10886,4.24751,4.37591
baseline,INDIA,GtCO2/yr,2.77719,3.47624,4.11794,4.66496,5.25646,6.02207,6.88679,7.75008,8.6095,9.46046,10.1941,10.7213,11.1288,11.5095,11.8129,11.9864,12.1078
baseline,KOR,GtCO2/yr,0.784572,0.837386,0.867468,0.864619,0.843356,0.819905,0.795401,0.767742,0.736895,0.702883,0.663949,0.619376,0.574537,0.535596,0.505697,0.485603,0.469453
baseline,CHN,GtCO2/yr,11.3913,12.6081,13.3289,13.5593,13.4901,13.2747,12.9099,12.3738,11.6979,10.9157,10.0415,9.10847,8.23411,7.53222,7.0207,6.67445,6.39116
baseline,SEAS,GtCO2/yr,1.51417,1.83523,2.11376,2.27604,2.33698,2.34375,2.38574,2.52829,2.69946,2.82444,2.95286,3.1294,3.25614,3.25089,3.23442,3.33252,3.4915
baseline,INDO,GtCO2/yr,1.63506,1.74209,1.82337,1.91121,1.96095,1.93388,1.90026,1.9328,2.0094,2.08726,2.13367,2.13187,2.11809,2.12943,2.1555,2.17893,2.20069
baseline,JAP,GtCO2/yr,1.06462,1.01097,0.970361,0.949271,0.945271,0.953532,0.969627,0.987885,0.996838,0.986562,0.959058,0.921168,0.886961,0.867873,0.857667,0.847617,0.836719
baseline,OCE,GtCO2/yr,0.388396,0.37104,0.368767,0.421515,0.491471,0.530084,0.524068,0.481018,0.45631,0.492091,0.530092,0.511892,0.478864,0.480973,0.503086,0.520333,0.533754
baseline,RSAS,GtCO2/yr,0.417044,0.549491,0.688778,0.827677,0.981662,1.17031,1.4075,1.69739,2.01068,2.32004,2.63917,2.98668,3.35951,3.75178,4.16637,4.60514,5.05907
baseline,RSAF,GtCO2/yr,0.786528,0.730875,0.809087,1.17487,1.49061,1.42059,1.15899,0.984752,0.958069,1.07354,1.28772,1.54822,1.80572,2.02774,2.24356,2.48582,2.74281
relative_abatement,CAN,fraction_of_baseline_emissions,0.000577308,0.000577297,0.000577298,0.000577298,0.000577299,0.0005773,0.000577301,0.000577301,0.0005773,0.0005773,0.0005773,0.000577301,0.000577301,0.000577302,0.000577302,0.000577302,0.000577302
relative_abatement,USA,fraction_of_baseline_emissions,0.000577308,0.000577233,0.000577234,0.000577243,0.000577247,0.000577251,0.000577254,0.000577256,0.000577259,0.000577261,0.000577263,0.000577265,0.000577266,0.000577267,0.000577268,0.000577268,0.000577269
relative_abatement,MEX,fraction_of_baseline_emissions,0.000577308,0.000577295,0.000577296,0.000577297,0.000577297,0.000577297,0.000577297,0.000577298,0.000577298,0.000577298,0.000577298,0.000577298,0.000577298,0.000577298,0.000577298,0.000577298,0.000577298
relative_abatement,RCAM,fraction_of_baseline_emissions,0.000577308,0.000577301,0.000577302,0.000577302,0.000577302,0.000577302,0.000577301,0.0005773,0.0005773,0.000577299,0.000577299,0.000577298,0.000577298,0.000577298,0.000577298,0.000577297,0.000577297
relative_abatement,BRA,fraction_of_baseline_emissions,0.000577308,0.000577275,0.000577277,0.000577277,0.000577277,0.000577277,0.00057728,0.000577284,0.000577288,0.000577291,0.000577292,0.000577291,0.00057729,0.000577292,0.000577294,0.000577294,0.000577294
relative_abatement,RSAM,fraction_of_baseline_emissions,0.000577308,0.000577276,0.000577278,0.000577281,0.000577282,0.000577281,0.00057728,0.000577282,0.000577285,0.000577286,0.000577286,0.000577286,0.000577286,0.000577287,0.000577287,0.000577288,0.000577288
relative_abatement,NAF,fraction_of_baseline_emissions,0.000577308,0.000577294,0.000577294,0.000577295,0.000577295,0.000577296,0.000577296,0.000577296,0.000577295,0.000577295,0.000577294,0.000577294,0.000577294,0.000577294,0.000577294,0.000577293,0.000577293
relative_abatement,WAF,fraction_of_baseline_emissions,0.000577308,0.000577252,0.000577252,0.000577261,0.000577271,0.000577273,0.000577274,0.00057728,0.000577285,0.000577283,0.000577278,0.000577274,0.000577269,0.000577266,0.000577263,0.000577261,0.000577258
relative_abatement,EAF,fraction_of_baseline_emissions,0.000577308,0.000577298,0.000577297,0.000577297,0.000577299,0.000577299,0.0005773,0.0005773,0.000577299,0.000577298,0.000577297,0.000577294,0.000577292,0.000577288,0.000577286,0.000577284,0.000577282
relative_abatement,SAF,fraction_of_baseline_emissions,0.000577308,0.000577296,0.000577297,0.000577298,0.000577299,0.000577299,0.000577298,0.000577298,0.000577298,0.000577299,0.000577299,0.000577299,0.0005773,0.0005773,0.0005773,0.0005773,0.0005773
relative_abatement,WEU,fraction_of_baseline_emissions,0.000577308,0.00057725,0.000577259,0.000577265,0.000577268,0.000577269,0.000577269,0.000577269,0.000577269,0.00057727,0.000577271,0.000577271,0.000577272,0.000577273,0.000577274,0.000577274,0.000577274
relative_abatement,CEU,fraction_of_baseline_emissions,0.000577308,0.000577292,0.000577294,0.000577295,0.000577296,0.000577296,0.000577297,0.000577297,0.000577297,0.000577298,0.000577298,0.000577299,0.000577299,0.0005773,0.0005773,0.000577301,0.000577301
relative_abatement,TUR,fraction_of_baseline_emissions,0.000577308,0.000577297,0.000577298,0.000577299,0.000577299,0.0005773,0.0005773,0.0005773,0.0005773,0.0005773,0.0005773,0.0005773,0.0005773,0.0005773,0.0005773,0.0005773,0.0005773
relative_abatement,UKR,fraction_of_baseline_emissions,0.000577308,0.000577299,0.0005773,0.0005773,0.0005773,0.0005773,0.000577301,0.000577301,0.000577301,0.000577301,0.000577302,0.000577302,0.000577302,0.000577303,0.000577303,0.000577303,0.000577303
relative_abatement,STAN,fraction_of_baseline_emissions,0.000577308,0.000577297,0.000577298,0.000577298,0.000577299,0.0005773,0.000577301,0.000577301,0.000577301,0.000577301,0.000577301,0.000577301,0.0005773,0.0005773,0.000577301,0.000577301,0.000577301
relative_abatement,RUS,fraction_of_baseline_emissions,0.000577308,0.000577267,0.000577271,0.000577274,0.000577277,0.000577279,0.000577282,0.000577283,0.000577284,0.000577285,0.000577285,0.000577287,0.000577288,0.000577289,0.000577289,0.00057729,0.000577291
relative_abatement,ME,fraction_of_baseline_emissions,0.000577308,0.000577265,0.000577269,0.00057727,0.00057727,0.000577271,0.000577272,0.000577272,0.000577272,0.000577273,0.000577273,0.000577274,0.000577274,0.000577274,0.000577274,0.000577274,0.000577274
relative_abatement,INDIA,fraction_of_baseline_emissions,0.000577308,0.000577241,0.000577241,0.000577242,0.000577242,0.00057724,0.000577239,0.000577238,0.000577238,0.000577238,0.000577238,0.000577239,0.000577241,0.000577242,0.000577243,0.000577245,0.000577246
relative_abatement,KOR,fraction_of_baseline_emissions,0.000577308,0.00057729,0.000577292,0.000577294,0.000577295,0.000577296,0.000577297,0.000577298,0.000577299,0.0005773,0.0005773,0.000577301,0.000577302,0.000577302,0.000577303,0.000577303,0.000577303
relative_abatement,CHN,fraction_of_baseline_emissions,0.000577308,0.000582881,0.000578493,0.000578082,0.000577622,0.00057747,0.000577364,0.000577312,0.000577277,0.000577259,0.000577251,0.00057725,0.000577253,0.000577257,0.00057726,0.000577262,0.000577264
relative_abatement,SEAS,fraction_of_baseline_emissions,0.000577308,0.00057727,0.000577271,0.000577272,0.000577274,0.000577276,0.000577278,0.000577278,0.000577278,0.000577278,0.000577278,0.000577278,0.000577278,0.000577279,0.00057728,0.00057728,0.000577279
relative_abatement,INDO,fraction_of_baseline_emissions,0.000577308,0.000577272,0.000577276,0.000577277,0.000577279,0.000577281,0.000577283,0.000577284,0.000577285,0.000577285,0.000577285,0.000577286,0.000577287,0.000577287,0.000577288,0.000577288,0.000577288
relative_abatement,JAP,fraction_of_baseline_emissions,0.000577308,0.000577287,0.00057729,0.000577292,0.000577293,0.000577294,0.000577295,0.000577295,0.000577296,0.000577296,0.000577297,0.000577298,0.000577298,0.000577299,0.000577299,0.000577299,0.0005773
relative_abatement,OCE,fraction_of_baseline_emissions,0.000577308,0.0005773,0.000577301,0.000577301,0.0005773,0.0005773,0.000577301,0.000577302,0.000577302,0.000577302,0.000577302,0.000577302,0.000577303,0.000577303,0.000577303,0.000577303,0.000577303
relative_abatement,RSAS,fraction_of_baseline_emissions,0.000577308,0.000577296,0.000577295,0.000577294,0.000577293,0.000577291,0.000577289,0.000577287,0.000577285,0.000577283,0.000577281,0.000577279,0.000577277,0.000577276,0.000577274,0.000577272,0.000577271
relative_abatement,RSAF,fraction_of_baseline_emissions,0.000577308,0.000577293,0.000577293,0.000577289,0.000577286,0.000577288,0.000577292,0.000577295,0.000577296,0.000577295,0.000577294,0.000577292,0.00057729,0.000577288,0.000577287,0.000577286,0.000577284
regional_emission_reduction,CAN,GtCO2/yr,8.94062e-10,0.000300342,0.00031522,0.000334864,0.00034265,0.000327696,0.000313409,0.000323295,0.000346775,0.000366794,0.000374757,0.000367003,0.000350994,0.000336611,0.000332214,0.000342572,0.000359739
regional_emission_reduction,USA,GtCO2/yr,9.99232e-11,0.00298253,0.0028718,0.00284763,0.00288333,0.00293451,0.0029816,0.00301274,0.00302207,0.00300806,0.00298065,0.00295525,0.00295627,0.00299938,0.00305709,0.00310021,0.00313562
regional_emission_reduction,MEX,GtCO2/yr,6.67443e-10,0.000341357,0.000361181,0.000393361,0.000423294,0.000437538,0.000445595,0.000459832,0.000480922,0.000505612,0.000526659,0.000538113,0.00054319,0.000547579,0.000557653,0.000577611,0.000602375
regional_emission_reduction,RCAM,GtCO2/yr,1.00737e-09,0.000185585,0.000198155,0.000209562,0.000225482,0.000252244,0.000290635,0.000338737,0.000389288,0.000434999,0.000473841,0.000505807,0.000533613,0.000559871,0.000584052,0.000605466,0.000625921
regional_emission_reduction,BRA,GtCO2/yr,1.01452e-09,0.000934189,0.000988591,0.00111213,0.00124305,0.00130611,0.00127355,0.00114553,0.000986272,0.000870113,0.000847629,0.000929826,0.000993795,0.000932921,0.000838985,0.000818206,0.000837005
regional_emission_reduction,RSAM,GtCO2/yr,7.3328e-10,0.000896795,0.000953992,0.000958947,0.00100198,0.00114907,0.00126737,0.00123184,0.00114693,0.00113846,0.00118935,0.00125057,0.0012876,0.00128203,0.00126514,0.00126997,0.00128698
regional_emission_reduction,NAF,GtCO2/yr,1.2042e-09,0.000384018,0.000423221,0.00045069,0.000467025,0.000476574,0.000496124,0.000539561,0.000597115,0.000654449,0.000702408,0.000736606,0.000765958,0.000800084,0.000838792,0.000879848,0.00092247
regional_emission_reduction,WAF,GtCO2/yr,4.77002e-09,0.00161469,0.00191872,0.00176136,0.00151691,0.0015492,0.00158832,0.00135053,0.00114119,0.00129812,0.00170364,0.00216444,0.00263523,0.00311067,0.00359561,0.00409475,0.00460397
regional_emission_reduction,EAF,GtCO2/yr,1.80594e-09,0.000271032,0.00035104,0.00036625,0.000348378,0.000338516,0.000343194,0.000361866,0.00040072,0.000468058,0.000574327,0.000727735,0.000925772,0.001157,0.00138458,0.00157788,0.00175537
regional_emission_reduction,SAF,GtCO2/yr,2.67438e-09,0.00032143,0.000335865,0.00034019,0.000349223,0.000374751,0.000406487,0.000431264,0.000446372,0.000452419,0.000452817,0.000451279,0.000449868,0.000449844,0.000450988,0.000452791,0.000454981
regional_emission_reduction,WEU,GtCO2/yr,7.60676e-11,0.0017197,0.00165214,0.00162054,0.00164742,0.00174645,0.00188758,0.00203114,0.00214314,0.00220491,0.00225433,0.00232519,0.00237686,0.00237275,0.00236746,0.00241764,0.0024969
regional_emission_reduction,CEU,GtCO2/yr,5.89691e-10,0.000439718,0.000430064,0.000440512,0.000459809,0.000473884,0.000485155,0.000497841,0.000507291,0.000508301,0.000502444,0.00049197,0.000474529,0.000449437,0.000427527,0.000418415,0.000415389
regional_emission_reduction,TUR,GtCO2/yr,9.3267e-10,0.000285808,0.000308417,0.00031575,0.00031774,0.000325447,0.000341053,0.000363231,0.000385441,0.000401601,0.000412662,0.000421325,0.000430186,0.000440248,0.00044637,0.00044413,0.00043802
regional_emission_reduction,UKR,GtCO2/yr,2.63945e-09,0.000233589,0.000242599,0.00026918,0.000294663,0.000301255,0.000302146,0.000311928,0.000320812,0.000317337,0.000307666,0.00030037,0.000295436,0.000291316,0.000289262,0.000290508,0.000293324
regional_emission_reduction,STAN,GtCO2/yr,2.86369e-09,0.000306786,0.000325104,0.000329888,0.000321344,0.000304268,0.000296392,0.000309924,0.000324086,0.000321025,0.000326802,0.000365006,0.000405226,0.000415129,0.000408366,0.000404965,0.000404646
regional_emission_reduction,RUS,GtCO2/yr,1.01711e-09,0.0011551,0.00120848,0.00122983,0.00122583,0.00120887,0.00119173,0.00118527,0.00119688,0.00122465,0.00123189,0.0011906,0.00114089,0.00112437,0.00112209,0.0011078,0.00108606
regional_emission_reduction,ME,GtCO2/yr,7.05547e-10,0.00122715,0.00129909,0.00140457,0.00151861,0.00161302,0.00170319,0.0018069,0.00190987,0.00199445,0.00206202,0.00212117,0.00218927,0.00227847,0.00237194,0.00245198,0.0025261
regional_emission_reduction,INDIA,GtCO2/yr,2.92151e-10,0.00200663,0.00237705,0.00269281,0.00303425,0.00347618,0.00397533,0.00447364,0.00496972,0.00546093,0.00588442,0.00618877,0.00642402,0.00664378,0.00681892,0.00691911,0.00698919
regional_emission_reduction,KOR,GtCO2/yr,9.55141e-10,0.000483415,0.000500783,0.000499139,0.000486865,0.000473328,0.000459183,0.000443216,0.000425409,0.000405774,0.000383298,0.000357566,0.000331681,0.000309201,0.00029194,0.00028034,0.000271017
regional_emission_reduction,CHN,GtCO2/yr,9.45468e-11,0.00734902,0.00771065,0.0078384,0.00779215,0.00766571,0.0074537,0.00714352,0.00675291,0.00630118,0.00579645,0.00525787,0.00475317,0.00434803,0.00405277,0.00385291,0.00368939
regional_emission_reduction,SEAS,GtCO2/yr,8.00812e-10,0.00105942,0.00122021,0.00131389,0.00134908,0.00135299,0.00137724,0.00145953,0.00155834,0.00163049,0.00170462,0.00180653,0.0018797,0.00187667,0.00186716,0.0019238,0.00201557
regional_emission_reduction,INDO,GtCO2/yr,2.31613e-09,0.00100566,0.00105259,0.0011033,0.00113201,0.00111639,0.00109699,0.00111578,0.00116,0.00120494,0.00123174,0.0012307,0.00122274,0.00122929,0.00124434,0.00125787,0.00127043
regional_emission_reduction,JAP,GtCO2/yr,2.80259e-10,0.000583621,0.00056018,0.000548007,0.000545699,0.000550468,0.000559761,0.000570301,0.00057547,0.000569539,0.000553662,0.000531788,0.000512041,0.000501022,0.00049513,0.000489329,0.000483038
regional_emission_reduction,OCE,GtCO2/yr,1.04354e-09,0.000214202,0.000212889,0.000243341,0.000283726,0.000306018,0.000302545,0.000277692,0.000263429,0.000284085,0.000306023,0.000295516,0.00027645,0.000277667,0.000290433,0.00030039,0.000308138
regional_emission_reduction,RSAS,GtCO2/yr,9.03047e-10,0.000317219,0.000397628,0.000477813,0.000566706,0.000675609,0.000812536,0.000979879,0.00116073,0.00133932,0.00152354,0.00172415,0.00193937,0.00216581,0.00240514,0.00265842,0.00292045
regional_emission_reduction,RSAF,GtCO2/yr,5.38129e-09,0.000421929,0.00046708,0.000678238,0.000860506,0.000820091,0.000669078,0.000568493,0.000553089,0.00061975,0.000743391,0.000893774,0.00104242,0.00117059,0.00129518,0.00143503,0.00158338
cumulative_emissions,Global,GtCO2,0,223.777,464.586,717.509,978.943,1248.1,1524.55,1806.11,2091.33,2381.96,2680.77,2988.85,3305.96,3631.47,3965.47,4309.44,4664.99
global_emissions,Global,GtCO2/yr,42.8173,46.6935,49.6301,51.5391,53.0345,54.6282,55.9529,56.6701,57.4166,58.8385,60.6836,62.5496,64.2936,65.9097,67.6918,69.8953,72.3253
temperature,Global,degC_above_PI,1.16,1.29874,1.44804,1.60486,1.76694,1.93382,2.10522,2.27979,2.45662,2.63682,2.82208,3.01309,3.2097,3.41151,3.61859,3.83185,4.05229
emission_relative_cumulative,Global,dimensionless,1,1.00637,1.01097,1.01359,1.0148,1.01523,1.01527,1.01506,1.01471,1.01435,1.01405,1.0138,1.01359,1.01339,1.01318,1.01297,1.01272
slr_thermal,Global,m,0.103814,0.109539,0.116029,0.12334,0.131506,0.140548,0.150486,0.161335,0.173103,0.185793,0.199414,0.213985,0.229529,0.246068,0.263622,0.28221,0.301856
slr_cumgsic,Global,m,0.015,0.0231415,0.0315181,0.0401232,0.0489347,0.0579194,0.0670405,0.0762587,0.0855299,0.0948081,0.104051,0.113221,0.122283,0.131202,0.139943,0.148474,0.156765
slr_cumgis,Global,m,0.006,0.0154801,0.0257222,0.036782,0.0486976,0.0614942,0.0751937,0.089816,0.105373,0.121871,0.139323,0.157748,0.177171,0.197615,0.219098,0.241639,0.265262
total_SLR,Global,m,0.124814,0.148161,0.17327,0.200245,0.229138,0.259962,0.29272,0.327409,0.364006,0.402472,0.442787,0.484954,0.528983,0.574885,0.622663,0.672323,0.723882
damage_costs,CAN,fraction_of_GDP,0,0,0,0,0,0,0,0,0,0,0,0,0,0,0,0,0
damage_costs,USA,fraction_of_GDP,0,0,0,0,0,0,0,0,0,0,0,0,0,0,0,0,0
damage_costs,MEX,fraction_of_GDP,0,0,0,0,0,0,0,0,0,0,0,0,0,0,0,0,0
damage_costs,RCAM,fraction_of_GDP,0,0,0,0,0,0,0,0,0,0,0,0,0,0,0,0,0
damage_costs,BRA,fraction_of_GDP,0,0,0,0,0,0,0,0,0,0,0,0,0,0,0,0,0
damage_costs,RSAM,fraction_of_GDP,0,0,0,0,0,0,0,0,0,0,0,0,0,0,0,0,0
damage_costs,NAF,fraction_of_GDP,0,0,0,0,0,0,0,0,0,0,0,0,0,0,0,0,0
damage_costs,WAF,fraction_of_GDP,0,0,0,0,0,0,0,0,0,0,0,0,0,0,0,0,0
damage_costs,EAF,fraction_of_GDP,0,0,0,0,0,0,0,0,0,0,0,0,0,0,0,0,0
damage_costs,SAF,fraction_of_GDP,0,0,0,0,0,0,0,0,0,0,0,0,0,0,0,0,0
damage_costs,WEU,fraction_of_GDP,0,0,0,0,0,0,0,0,0,0,0,0,0,0,0,0,0
damage_costs,CEU,fraction_of_GDP,0,0,0,0,0,0,0,0,0,0,0,0,0,0,0,0,0
damage_costs,TUR,fraction_of_GDP,0,0,0,0,0,0,0,0,0,0,0,0,0,0,0,0,0
damage_costs,UKR,fraction_of_GDP,0,0,0,0,0,0,0,0,0,0,0,0,0,0,0,0,0
damage_costs,STAN,fraction_of_GDP,0,0,0,0,0,0,0,0,0,0,0,0,0,0,0,0,0
damage_costs,RUS,fraction_of_GDP,0,0,0,0,0,0,0,0,0,0,0,0,0,0,0,0,0
damage_costs,ME,fraction_of_GDP,0,0,0,0,0,0,0,0,0,0,0,0,0,0,0,0,0
damage_costs,INDIA,fraction_of_GDP,0,0,0,0,0,0,0,0,0,0,0,0,0,0,0,0,0
damage_costs,KOR,fraction_of_GDP,0,0,0,0,0,0,0,0,0,0,0,0,0,0,0,0,0
damage_costs,CHN,fraction_of_GDP,0,0,0,0,0,0,0,0,0,0,0,0,0,0,0,0,0
damage_costs,SEAS,fraction_of_GDP,0,0,0,0,0,0,0,0,0,0,0,0,0,0,0,0,0
damage_costs,INDO,fraction_of_GDP,0,0,0,0,0,0,0,0,0,0,0,0,0,0,0,0,0
damage_costs,JAP,fraction_of_GDP,0,0,0,0,0,0,0,0,0,0,0,0,0,0,0,0,0
damage_costs,OCE,fraction_of_GDP,0,0,0,0,0,0,0,0,0,0,0,0,0,0,0,0,0
damage_costs,RSAS,fraction_of_GDP,0,0,0,0,0,0,0,0,0,0,0,0,0,0,0,0,0
damage_costs,RSAF,fraction_of_GDP,0,0,0,0,0,0,0,0,0,0,0,0,0,0,0,0,0
damage_costs_non_slr,CAN,fraction_of_GDP,0,0,0,0,0,0,0,0,0,0,0,0,0,0,0,0,0
damage_costs_non_slr,USA,fraction_of_GDP,0,0,0,0,0,0,0,0,0,0,0,0,0,0,0,0,0
damage_costs_non_slr,MEX,fraction_of_GDP,0,0,0,0,0,0,0,0,0,0,0,0,0,0,0,0,0
damage_costs_non_slr,RCAM,fraction_of_GDP,0,0,0,0,0,0,0,0,0,0,0,0,0,0,0,0,0
damage_costs_non_slr,BRA,fraction_of_GDP,0,0,0,0,0,0,0,0,0,0,0,0,0,0,0,0,0
damage_costs_non_slr,RSAM,fraction_of_GDP,0,0,0,0,0,0,0,0,0,0,0,0,0,0,0,0,0
damage_costs_non_slr,NAF,fraction_of_GDP,0,0,0,0,0,0,0,0,0,0,0,0,0,0,0,0,0
damage_costs_non_slr,WAF,fraction_of_GDP,0,0,0,0,0,0,0,0,0,0,0,0,0,0,0,0,0
damage_costs_non_slr,EAF,fraction_of_GDP,0,0,0,0,0,0,0,0,0,0,0,0,0,0,0,0,0
damage_costs_non_slr,SAF,fraction_of_GDP,0,0,0,0,0,0,0,0,0,0,0,0,0,0,0,0,0
damage_costs_non_slr,WEU,fraction_of_GDP,0,0,0,0,0,0,0,0,0,0,0,0,0,0,0,0,0
damage_costs_non_slr,CEU,fraction_of_GDP,0,0,0,0,0,0,0,0,0,0,0,0,0,0,0,0,0
damage_costs_non_slr,TUR,fraction_of_GDP,0,0,0,0,0,0,0,0,0,0,0,0,0,0,0,0,0
damage_costs_non_slr,UKR,fraction_of_GDP,0,0,0,0,0,0,0,0,0,0,0,0,0,0,0,0,0
damage_costs_non_slr,STAN,fraction_of_GDP,0,0,0,0,0,0,0,0,0,0,0,0,0,0,0,0,0
damage_costs_non_slr,RUS,fraction_of_GDP,0,0,0,0,0,0,0,0,0,0,0,0,0,0,0,0,0
damage_costs_non_slr,ME,fraction_of_GDP,0,0,0,0,0,0,0,0,0,0,0,0,0,0,0,0,0
damage_costs_non_slr,INDIA,fraction_of_GDP,0,0,0,0,0,0,0,0,0,0,0,0,0,0,0,0,0
damage_costs_non_slr,KOR,fraction_of_GDP,0,0,0,0,0,0,0,0,0,0,0,0,0,0,0,0,0
damage_costs_non_slr,CHN,fraction_of_GDP,0,0,0,0,0,0,0,0,0,0,0,0,0,0,0,0,0
damage_costs_non_slr,SEAS,fraction_of_GDP,0,0,0,0,0,0,0,0,0,0,0,0,0,0,0,0,0
damage_costs_non_slr,INDO,fraction_of_GDP,0,0,0,0,0,0,0,0,0,0,0,0,0,0,0,0,0
damage_costs_non_slr,JAP,fraction_of_GDP,0,0,0,0,0,0,0,0,0,0,0,0,0,0,0,0,0
damage_costs_non_slr,OCE,fraction_of_GDP,0,0,0,0,0,0,0,0,0,0,0,0,0,0,0,0,0
damage_costs_non_slr,RSAS,fraction_of_GDP,0,0,0,0,0,0,0,0,0,0,0,0,0,0,0,0,0
damage_costs_non_slr,RSAF,fraction_of_GDP,0,0,0,0,0,0,0,0,0,0,0,0,0,0,0,0,0
damage_costs_slr,CAN,fraction_of_GDP,0,0,0,0,0,0,0,0,0,0,0,0,0,0,0,0,0
damage_costs_slr,USA,fraction_of_GDP,0,0,0,0,0,0,0,0,0,0,0,0,0,0,0,0,0
damage_costs_slr,MEX,fraction_of_GDP,0,0,0,0,0,0,0,0,0,0,0,0,0,0,0,0,0
damage_costs_slr,RCAM,fraction_of_GDP,0,0,0,0,0,0,0,0,0,0,0,0,0,0,0,0,0
damage_costs_slr,BRA,fraction_of_GDP,0,0,0,0,0,0,0,0,0,0,0,0,0,0,0,0,0
damage_costs_slr,RSAM,fraction_of_GDP,0,0,0,0,0,0,0,0,0,0,0,0,0,0,0,0,0
damage_costs_slr,NAF,fraction_of_GDP,0,0,0,0,0,0,0,0,0,0,0,0,0,0,0,0,0
damage_costs_slr,WAF,fraction_of_GDP,0,0,0,0,0,0,0,0,0,0,0,0,0,0,0,0,0
damage_costs_slr,EAF,fraction_of_GDP,0,0,0,0,0,0,0,0,0,0,0,0,0,0,0,0,0
damage_costs_slr,SAF,fraction_of_GDP,0,0,0,0,0,0,0,0,0,0,0,0,0,0,0,0,0
damage_costs_slr,WEU,fraction_of_GDP,0,0,0,0,0,0,0,0,0,0,0,0,0,0,0,0,0
damage_costs_slr,CEU,fraction_of_GDP,0,0,0,0,0,0,0,0,0,0,0,0,0,0,0,0,0
damage_costs_slr,TUR,fraction_of_GDP,0,0,0,0,0,0,0,0,0,0,0,0,0,0,0,0,0
damage_costs_slr,UKR,fraction_of_GDP,0,0,0,0,0,0,0,0,0,0,0,0,0,0,0,0,0
damage_costs_slr,STAN,fraction_of_GDP,0,0,0,0,0,0,0,0,0,0,0,0,0,0,0,0,0
damage_costs_slr,RUS,fraction_of_GDP,0,0,0,0,0,0,0,0,0,0,0,0,0,0,0,0,0
damage_costs_slr,ME,fraction_of_GDP,0,0,0,0,0,0,0,0,0,0,0,0,0,0,0,0,0
damage_costs_slr,INDIA,fraction_of_GDP,0,0,0,0,0,0,0,0,0,0,0,0,0,0,0,0,0
damage_costs_slr,KOR,fraction_of_GDP,0,0,0,0,0,0,0,0,0,0,0,0,0,0,0,0,0
damage_costs_slr,CHN,fraction_of_GDP,0,0,0,0,0,0,0,0,0,0,0,0,0,0,0,0,0
damage_costs_slr,SEAS,fraction_of_GDP,0,0,0,0,0,0,0,0,0,0,0,0,0,0,0,0,0
damage_costs_slr,INDO,fraction_of_GDP,0,0,0,0,0,0,0,0,0,0,0,0,0,0,0,0,0
damage_costs_slr,JAP,fraction_of_GDP,0,0,0,0,0,0,0,0,0,0,0,0,0,0,0,0,0
damage_costs_slr,OCE,fraction_of_GDP,0,0,0,0,0,0,0,0,0,0,0,0,0,0,0,0,0
damage_costs_slr,RSAS,fraction_of_GDP,0,0,0,0,0,0,0,0,0,0,0,0,0,0,0,0,0
damage_costs_slr,RSAF,fraction_of_GDP,0,0,0,0,0,0,0,0,0,0,0,0,0,0,0,0,0
LBD_factor,Global,dimensionless,0.999998,1.01037,1.03931,1.08195,1.13469,1.19807,1.27598,1.37331,1.5008,1.69579,2.11824,4.2537,8.64175,12.0693,14.8958,17.3447,19.4946
LOT_factor,Global,dimensionless,1,1,1,1,1,1,1,1,1,1,1,1,1,1,1,1,1
learning_factor,Global,dimensionless,0.999998,1.01037,1.03931,1.08195,1.13469,1.19807,1.27598,1.37331,1.5008,1.69579,2.11824,4.2537,8.64175,12.0693,14.8958,17.3447,19.4946
mitigation_costs,CAN,trillion*usd/yr,-2.68532e-09,-2.5151e-09,-2.34726e-09,-2.17993e-09,-2.02268e-09,-1.88212e-09,-1.75819e-09,-1.64767e-09,-1.54217e-09,-1.43747e-09,-1.3386e-09,-1.24952e-09,-1.17063e-09,-1.10113e-09,-1.03931e-09,-9.83592e-10,-9.325e-10
mitigation_costs,USA,trillion*usd/yr,-3.04061e-10,-2.7241e-10,-2.47618e-10,-2.28797e-10,-2.13952e-10,-2.01619e-10,-1.90931e-10,-1.81317e-10,-1.72368e-10,-1.63916e-10,-1.56279e-10,-1.49648e-10,-1.43802e-10,-1.38532e-10,-1.33829e-10,-1.29653e-10,-1.25749e-10
mitigation_costs,MEX,trillion*usd/yr,-2.26859e-09,-1.99646e-09,-1.7593e-09,-1.55816e-09,-1.38564e-09,-1.23579e-09,-1.10555e-09,-9.92456e-10,-8.94405e-10,-8.09334e-10,-7.35164e-10,-6.70237e-10,-6.13467e-10,-5.63757e-10,-5.19751e-10,-4.80493e-10,-4.45679e-10
mitigation_costs,RCAM,trillion*usd/yr,-3.33292e-09,-3.07161e-09,-2.7643e-09,-2.45872e-09,-2.16984e-09,-1.90384e-09,-1.66768e-09,-1.46279e-09,-1.28597e-09,-1.13363e-09,-1.00301e-09,-8.91291e-10,-7.9573e-10,-7.13843e-10,-6.43461e-10,-5.82886e-10,-5.31111e-10
mitigation_costs,BRA,trillion*usd/yr,-1.7346e-09,-1.50345e-09,-1.32344e-09,-1.18853e-09,-1.08095e-09,-9.89411e-10,-9.10289e-10,-8.41793e-10,-7.83071e-10,-7.32859e-10,-6.88557e-10,-6.48468e-10,-6.12781e-10,-5.81463e-10,-5.53299e-10,-5.2727e-10,-5.0297e-10
mitigation_costs,RSAM,trillion*usd/yr,-1.58417e-09,-1.33661e-09,-1.14236e-09,-9.88622e-10,-8.64354e-10,-7.62025e-10,-6.76816e-10,-6.05238e-10,-5.4472e-10,-4.93305e-10,-4.49623e-10,-4.12414e-10,-3.80326e-10,-3.52376e-10,-3.28084e-10,-3.06931e-10,-2.88057e-10
mitigation_costs,NAF,trillion*usd/yr,-2.86206e-09,-2.40964e-09,-2.00121e-09,-1.679e-09,-1.42474e-09,-1.21994e-09,-1.05371e-09,-9.17739e-10,-8.05313e-10,-7.11924e-10,-6.35615e-10,-5.73704e-10,-5.22287e-10,-4.78624e-10,-4.41326e-10,-4.09252e-10,-3.81025e-10
mitigation_costs,WAF,trillion*usd/yr,-3.11125e-09,-2.52424e-09,-1.96194e-09,-1.50533e-09,-1.14769e-09,-8.73385e-10,-6.6625e-10,-5.11495e-10,-3.9629e-10,-3.10451e-10,-2.46317e-10,-1.98108e-10,-1.61734e-10,-1.33947e-10,-1.12218e-10,-9.50723e-11,-8.19258e-11
mitigation_costs,EAF,trillion*usd/yr,-3.40015e-09,-3.53193e-09,-3.32291e-09,-2.89807e-09,-2.39173e-09,-1.903e-09,-1.48699e-09,-1.15642e-09,-9.01405e-10,-7.07296e-10,-5.6032e-10,-4.49029e-10,-3.64894e-10,-3.00606e-10,-2.50169e-10,-2.10316e-10,-1.80044e-10
mitigation_costs,SAF,trillion*usd/yr,-3.53013e-09,-3.4975e-09,-3.35427e-09,-3.1603e-09,-2.95188e-09,-2.74569e-09,-2.54849e-09,-2.36314e-09,-2.19202e-09,-2.03651e-09,-1.89814e-09,-1.77693e-09,-1.67085e-09,-1.57812e-09,-1.49841e-09,-1.4303e-09,-1.36836e-09
mitigation_costs,WEU,trillion*usd/yr,-3.48064e-10,-3.25534e-10,-3.0234e-10,-2.80214e-10,-2.59565e-10,-2.4049e-10,-2.23091e-10,-2.073e-10,-1.92748e-10,-1.79268e-10,-1.67185e-10,-1.56622e-10,-1.47259e-10,-1.38823e-10,-1.3122e-10,-1.24362e-10,-1.18076e-10
mitigation_costs,CEU,trillion*usd/yr,-1.86387e-09,-1.66748e-09,-1.49827e-09,-1.36085e-09,-1.25189e-09,-1.16599e-09,-1.09483e-09,-1.03209e-09,-9.7349e-10,-9.1759e-10,-8.6815e-10,-8.27367e-10,-7.92904e-10,-7.62308e-10,-7.33958e-10,-7.06859e-10,-6.80906e-10
mitigation_costs,TUR,trillion*usd/yr,-2.9001e-09,-2.58371e-09,-2.30225e-09,-2.06025e-09,-1.85217e-09,-1.67222e-09,-1.51719e-09,-1.3838e-09,-1.26824e-09,-1.16766e-09,-1.08096e-09,-1.00668e-09,-9.42225e-10,-8.85595e-10,-8.35863e-10,-7.92022e-10,-7.52093e-10
mitigation_costs,UKR,trillion*usd/yr,-3.36451e-09,-3.50071e-09,-3.53411e-09,-3.48198e-09,-3.38094e-09,-3.25938e-09,-3.12552e-09,-2.97896e-09,-2.82078e-09,-2.65639e-09,-2.50321e-09,-2.37239e-09,-2.25772e-09,-2.15261e-09,-2.05691e-09,-1.97048e-09,-1.88969e-09
mitigation_costs,STAN,trillion*usd/yr,-3.47728e-09,-3.50699e-09,-3.30727e-09,-3.04866e-09,-2.80967e-09,-2.61382e-09,-2.4565e-09,-2.32593e-09,-2.20208e-09,-2.07419e-09,-1.95463e-09,-1.8523e-09,-1.76163e-09,-1.67704e-09,-1.5979e-09,-1.5242e-09,-1.45509e-09
mitigation_costs,RUS,trillion*usd/yr,-1.60031e-09,-1.38032e-09,-1.20669e-09,-1.07629e-09,-9.83817e-10,-9.21092e-10,-8.71093e-10,-8.22324e-10,-7.72311e-10,-7.2232e-10,-6.7865e-10,-6.4448e-10,-6.16248e-10,-5.90756e-10,-5.67413e-10,-5.46009e-10,-5.25884e-10
mitigation_costs,ME,trillion*usd/yr,-1.30249e-09,-1.07366e-09,-8.98731e-10,-7.65738e-10,-6.64341e-10,-5.85961e-10,-5.22818e-10,-4.699e-10,-4.23972e-10,-3.83435e-10,-3.48352e-10,-3.18379e-10,-2.92344e-10,-2.69351e-10,-2.48974e-10,-2.30893e-10,-2.14834e-10
mitigation_costs,INDIA,trillion*usd/yr,-7.21413e-10,-5.26334e-10,-4.00741e-10,-3.16355e-10,-2.56373e-10,-2.11916e-10,-1.78237e-10,-1.52242e-10,-1.31798e-10,-1.15494e-10,-1.02466e-10,-9.20105e-11,-8.3485e-11,-7.64406e-11,-7.06147e-11,-6.57589e-11,-6.15083e-11
mitigation_costs,KOR,trillion*usd/yr,-2.31211e-09,-2.03908e-09,-1.82916e-09,-1.67793e-09,-1.5663e-09,-1.48045e-09,-1.41382e-09,-1.3624e-09,-1.32306e-09,-1.29306e-09,-1.26888e-09,-1.24773e-09,-1.22889e-09,-1.21233e-09,-1.19897e-09,-1.18917e-09,-1.18066e-09
mitigation_costs,CHN,trillion*usd/yr,-2.03629e-10,-1.50176e-10,-1.20959e-10,-1.04542e-10,-9.40509e-11,-8.6512e-11,-8.12679e-11,-7.79378e-11,-7.56708e-11,-7.38606e-11,-7.24853e-11,-7.15952e-11,-7.10901e-11,-7.08521e-11,-7.07785e-11,-7.07796e-11,-7.07962e-11
mitigation_costs,SEAS,trillion*usd/yr,-1.58255e-09,-1.27434e-09,-1.04764e-09,-8.80738e-10,-7.52124e-10,-6.49282e-10,-5.66199e-10,-4.98511e-10,-4.42562e-10,-3.95794e-10,-3.56674e-10,-3.23908e-10,-2.96283e-10,-2.72823e-10,-2.52751e-10,-2.35395e-10,-2.20013e-10
mitigation_costs,INDO,trillion*usd/yr,-2.46561e-09,-1.92028e-09,-1.52021e-09,-1.23809e-09,-1.03294e-09,-8.78597e-10,-7.6021e-10,-6.67978e-10,-5.95116e-10,-5.36805e-10,-4.89424e-10,-4.50307e-10,-4.1722e-10,-3.88719e-10,-3.64239e-10,-3.43167e-10,-3.24263e-10
mitigation_costs,JAP,trillion*usd/yr,-1.13206e-09,-1.08095e-09,-1.03781e-09,-1.00788e-09,-9.84461e-10,-9.60974e-10,-9.362e-10,-9.10355e-10,-8.84645e-10,-8.60243e-10,-8.38074e-10,-8.18497e-10,-8.00419e-10,-7.82837e-10,-7.65771e-10,-7.49351e-10,-7.33355e-10
mitigation_costs,OCE,trillion*usd/yr,-3.13436e-09,-2.92493e-09,-2.72151e-09,-2.53211e-09,-2.35257e-09,-2.17997e-09,-2.01982e-09,-1.87465e-09,-1.73896e-09,-1.61005e-09,-1.49318e-09,-1.39144e-09,-1.30321e-09,-1.22624e-09,-1.15841e-09,-1.09782e-09,-1.04229e-09
mitigation_costs,RSAS,trillion*usd/yr,-2.91241e-09,-2.42378e-09,-1.97602e-09,-1.60537e-09,-1.30373e-09,-1.06017e-09,-8.66604e-10,-7.13555e-10,-5.91659e-10,-4.94003e-10,-4.15796e-10,-3.53116e-10,-3.03005e-10,-2.62679e-10,-2.29457e-10,-2.01762e-10,-1.79163e-10
mitigation_costs,RSAF,trillion*usd/yr,-3.28672e-09,-3.51055e-09,-3.50965e-09,-3.33264e-09,-3.01187e-09,-2.58973e-09,-2.14251e-09,-1.73239e-09,-1.38632e-09,-1.1077e-09,-8.8893e-10,-7.19055e-10,-5.88004e-10,-4.86245e-10,-4.0547e-10,-3.41151e-10,-2.92152e-10
rel_mitigation_costs,CAN,fraction_of_GDP,-5.87371e-09,-5.74289e-09,-5.63036e-09,-5.53166e-09,-5.44944e-09,-5.38357e-09,-5.33093e-09,-5.28797e-09,-5.25026e-09,-5.21585e-09,-5.186e-09,-5.16123e-09,-5.1409e-09,-5.12423e-09,-5.11035e-09,-5.09858e-09,-5.08841e-09
rel_mitigation_costs,USA,fraction_of_GDP,-5.00915e-09,-5.00732e-09,-5.00603e-09,-5.00513e-09,-5.00447e-09,-5.00396e-09,-5.00354e-09,-5.00318e-09,-5.00286e-09,-5.00258e-09,-5.00233e-09,-5.00213e-09,-5.00196e-09,-5.00181e-09,-5.00168e-09,-5.00157e-09,-5.00147e-09
rel_mitigation_costs,MEX,fraction_of_GDP,-5.58241e-09,-5.43663e-09,-5.33138e-09,-5.25577e-09,-5.19989e-09,-5.15758e-09,-5.12526e-09,-5.10041e-09,-5.08121e-09,-5.06627e-09,-5.05453e-09,-5.04522e-09,-5.03781e-09,-5.03188e-09,-5.02705e-09,-5.02308e-09,-5.01983e-09
rel_mitigation_costs,RCAM,fraction_of_GDP,-6.66585e-09,-6.26195e-09,-5.94129e-09,-5.70343e-09,-5.5261e-09,-5.39332e-09,-5.29549e-09,-5.22391e-09,-5.17113e-09,-5.13189e-09,-5.10261e-09,-5.08063e-09,-5.06403e-09,-5.05138e-09,-5.04164e-09,-5.0341e-09,-5.02826e-09
rel_mitigation_costs,BRA,fraction_of_GDP,-5.32146e-09,-5.23719e-09,-5.18165e-09,-5.14538e-09,-5.1196e-09,-5.09978e-09,-5.08417e-09,-5.07178e-09,-5.06198e-09,-5.05419e-09,-5.04776e-09,-5.0423e-09,-5.03772e-09,-5.03393e-09,-5.03069e-09,-5.02785e-09,-5.02532e-09
rel_mitigation_costs,RSAM,fraction_of_GDP,-5.2649e-09,-5.18543e-09,-5.13398e-09,-5.09961e-09,-5.07575e-09,-5.05865e-09,-5.04612e-09,-5.03679e-09,-5.02974e-09,-5.02434e-09,-5.02019e-09,-5.01696e-09,-5.0144e-09,-5.01234e-09,-5.01068e-09,-5.00933e-09,-5.0082e-09
rel_mitigation_costs,NAF,fraction_of_GDP,-6.03216e-09,-5.67047e-09,-5.43893e-09,-5.29979e-09,-5.21187e-09,-5.15343e-09,-5.1135e-09,-5.08558e-09,-5.06561e-09,-5.0511e-09,-5.04062e-09,-5.03302e-09,-5.02732e-09,-5.0229e-09,-5.01944e-09,-5.01669e-09,-5.01445e-09
rel_mitigation_costs,WAF,fraction_of_GDP,-6.31248e-09,-5.74948e-09,-5.4202e-09,-5.2379e-09,-5.13534e-09,-5.0774e-09,-5.04468e-09,-5.02619e-09,-5.01564e-09,-5.00955e-09,-5.00596e-09,-5.00382e-09,-5.00251e-09,-5.00168e-09,-5.00115e-09,-5.00079e-09,-5.00056e-09
rel_mitigation_costs,EAF,fraction_of_GDP,-8.1846e-09,-7.3886e-09,-6.6461e-09,-6.06795e-09,-5.65878e-09,-5.39298e-09,-5.23186e-09,-5.13744e-09,-5.08251e-09,-5.05043e-09,-5.03148e-09,-5.02013e-09,-5.01324e-09,-5.00894e-09,-5.00616e-09,-5.00432e-09,-5.00313e-09
rel_mitigation_costs,SAF,fraction_of_GDP,-7.63651e-09,-7.13456e-09,-6.7098e-09,-6.37912e-09,-6.12399e-09,-5.92493e-09,-5.76711e-09,-5.6404e-09,-5.5384e-09,-5.4563e-09,-5.39075e-09,-5.33859e-09,-5.29669e-09,-5.26276e-09,-5.23552e-09,-5.2136e-09,-5.19473e-09
rel_mitigation_costs,WEU,fraction_of_GDP,-5.01203e-09,-5.01051e-09,-5.00905e-09,-5.00775e-09,-5.00663e-09,-5.00568e-09,-5.00487e-09,-5.00419e-09,-5.00361e-09,-5.0031e-09,-5.00269e-09,-5.00234e-09,-5.00206e-09,-5.00182e-09,-5.00161e-09,-5.00144e-09,-5.00128e-09
rel_mitigation_costs,CEU,fraction_of_GDP,-5.37551e-09,-5.29541e-09,-5.23547e-09,-5.1925e-09,-5.16186e-09,-5.13975e-09,-5.12277e-09,-5.10878e-09,-5.09653e-09,-5.08555e-09,-5.07643e-09,-5.06931e-09,-5.06357e-09,-5.05869e-09,-5.05435e-09,-5.05036e-09,-5.04669e-09
rel_mitigation_costs,TUR,fraction_of_GDP,-6.06998e-09,-5.79338e-09,-5.60258e-09,-5.46822e-09,-5.3704e-09,-5.2972e-09,-5.24178e-09,-5.19934e-09,-5.16627e-09,-5.14017e-09,-5.11961e-09,-5.10337e-09,-5.0903e-09,-5.07959e-09,-5.07076e-09,-5.06343e-09,-5.05711e-09
rel_mitigation_costs,UKR,fraction_of_GDP,-8.26756e-09,-7.84928e-09,-7.43161e-09,-7.06672e-09,-6.76885e-09,-6.53136e-09,-6.33137e-09,-6.1535e-09,-5.99275e-09,-5.85014e-09,-5.73442e-09,-5.6463e-09,-5.57602e-09,-5.51669e-09,-5.46654e-09,-5.42418e-09,-5.38696e-09
rel_mitigation_costs,STAN,fraction_of_GDP,-7.95123e-09,-7.18332e-09,-6.61627e-09,-6.2339e-09,-5.9824e-09,-5.81648e-09,-5.70192e-09,-5.61709e-09,-5.54404e-09,-5.47534e-09,-5.41671e-09,-5.37047e-09,-5.33234e-09,-5.29904e-09,-5.26979e-09,-5.24414e-09,-5.22144e-09
rel_mitigation_costs,RUS,fraction_of_GDP,-5.27065e-09,-5.19829e-09,-5.15001e-09,-5.11854e-09,-5.09863e-09,-5.08622e-09,-5.07696e-09,-5.06845e-09,-5.06026e-09,-5.05262e-09,-5.04638e-09,-5.04178e-09,-5.03816e-09,-5.03504e-09,-5.03229e-09,-5.02988e-09,-5.0277e-09
rel_mitigation_costs,ME,fraction_of_GDP,-5.17572e-09,-5.11795e-09,-5.08201e-09,-5.05923e-09,-5.04442e-09,-5.03446e-09,-5.02737e-09,-5.02207e-09,-5.01793e-09,-5.01463e-09,-5.01205e-09,-5.01005e-09,-5.00845e-09,-5.00715e-09,-5.0061e-09,-5.00523e-09,-5.00451e-09
rel_mitigation_costs,INDIA,fraction_of_GDP,-5.05249e-09,-5.02775e-09,-5.016e-09,-5.00992e-09,-5.00647e-09,-5.00438e-09,-5.00307e-09,-5.00221e-09,-5.00163e-09,-5.00122e-09,-5.00094e-09,-5.00074e-09,-5.00059e-09,-5.00047e-09,-5.00039e-09,-5.00032e-09,-5.00027e-09
rel_mitigation_costs,KOR,fraction_of_GDP,-5.60858e-09,-5.45758e-09,-5.36048e-09,-5.29937e-09,-5.25861e-09,-5.22962e-09,-5.20848e-09,-5.19296e-09,-5.18154e-09,-5.17309e-09,-5.16644e-09,-5.16075e-09,-5.15577e-09,-5.15146e-09,-5.14803e-09,-5.14555e-09,-5.1434e-09
rel_mitigation_costs,CHN,fraction_of_GDP,-5.00404e-09,-5.00214e-09,-5.00135e-09,-5.00098e-09,-5.00077e-09,-5.00064e-09,-5.00055e-09,-5.0005e-09,-5.00046e-09,-5.00043e-09,-5.00041e-09,-5.0004e-09,-5.00039e-09,-5.00039e-09,-5.00039e-09,-5.00039e-09,-5.00039e-09
rel_mitigation_costs,SEAS,fraction_of_GDP,-5.26432e-09,-5.16793e-09,-5.11216e-09,-5.0787e-09,-5.05711e-09,-5.04241e-09,-5.03215e-09,-5.02486e-09,-5.01955e-09,-5.0156e-09,-5.01264e-09,-5.0104e-09,-5.00868e-09,-5.00734e-09,-5.00629e-09,-5.00544e-09,-5.00473e-09
rel_mitigation_costs,INDO,fraction_of_GDP,-5.70815e-09,-5.40078e-09,-5.2428e-09,-5.15819e-09,-5.10897e-09,-5.07831e-09,-5.05837e-09,-5.04491e-09,-5.03556e-09,-5.02887e-09,-5.02396e-09,-5.02025e-09,-5.01736e-09,-5.01504e-09,-5.01319e-09,-5.01169e-09,-5.01043e-09
rel_mitigation_costs,JAP,fraction_of_GDP,-5.13151e-09,-5.1196e-09,-5.11002e-09,-5.10362e-09,-5.09876e-09,-5.09401e-09,-5.08913e-09,-5.08418e-09,-5.07941e-09,-5.07502e-09,-5.07114e-09,-5.0678e-09,-5.0648e-09,-5.06194e-09,-5.05923e-09,-5.05669e-09,-5.05426e-09
rel_mitigation_costs,OCE,fraction_of_GDP,-6.34327e-09,-6.09551e-09,-5.90407e-09,-5.75514e-09,-5.6337e-09,-5.53168e-09,-5.44803e-09,-5.38026e-09,-5.3232e-09,-5.27416e-09,-5.23379e-09,-5.20164e-09,-5.17592e-09,-5.15507e-09,-5.13789e-09,-5.12346e-09,-5.111e-09
rel_mitigation_costs,RSAS,fraction_of_GDP,-6.08255e-09,-5.67983e-09,-5.42681e-09,-5.27248e-09,-5.17607e-09,-5.11494e-09,-5.07615e-09,-5.05134e-09,-5.03514e-09,-5.02441e-09,-5.01724e-09,-5.01239e-09,-5.00909e-09,-5.0068e-09,-5.00516e-09,-5.00396e-09,-5.0031e-09
rel_mitigation_costs,RSAF,fraction_of_GDP,-8.42072e-09,-7.79586e-09,-7.19842e-09,-6.66528e-09,-6.19063e-09,-5.79799e-09,-5.51126e-09,-5.3206e-09,-5.2001e-09,-5.12576e-09,-5.0802e-09,-5.05214e-09,-5.03471e-09,-5.02364e-09,-5.01638e-09,-5.01155e-09,-5.00844e-09
carbonprice,CAN,trillion*usd/GtCO2/yr,5.22241e-15,5.22246e-15,5.22254e-15,5.22265e-15,5.22278e-15,5.22294e-15,5.22313e-15,5.22337e-15,5.22369e-15,5.22418e-15,5.22523e-15,5.23056e-15,5.24151e-15,5.25007e-15,5.25712e-15,5.26323e-15,5.2686e-15
carbonprice,USA,trillion*usd/GtCO2/yr,5.2221e-15,5.22189e-15,5.22217e-15,5.2223e-15,5.22243e-15,5.22258e-15,5.22276e-15,5.22297e-15,5.22325e-15,5.22368e-15,5.2246e-15,5.22926e-15,5.23884e-15,5.24632e-15,5.25249e-15,5.25784e-15,5.26252e-15
carbonprice,MEX,trillion*usd/GtCO2/yr,5.22162e-15,5.22166e-15,5.22171e-15,5.22178e-15,5.22187e-15,5.22198e-15,5.22212e-15,5.22228e-15,5.2225e-15,5.22283e-15,5.22355e-15,5.22718e-15,5.23465e-15,5.24048e-15,5.24528e-15,5.24945e-15,5.2531e-15
carbonprice,RCAM,trillion*usd/GtCO2/yr,5.22204e-15,5.22209e-15,5.22215e-15,5.22224e-15,5.22235e-15,5.22249e-15,5.22265e-15,5.22286e-15,5.22313e-15,5.22355e-15,5.22444e-15,5.22898e-15,5.23829e-15,5.24556e-15,5.25156e-15,5.25676e-15,5.26132e-15
carbonprice,BRA,trillion*usd/GtCO2/yr,5.22054e-15,5.22054e-15,5.22057e-15,5.22059e-15,5.22062e-15,5.22066e-15,5.22071e-15,5.22077e-15,5.22085e-15,5.22096e-15,5.22122e-15,5.2225e-15,5.22513e-15,5.22719e-15,5.22889e-15,5.23036e-15,5.23165e-15
carbonprice,RSAM,trillion*usd/GtCO2/yr,5.22064e-15,5.22065e-15,5.22068e-15,5.22071e-15,5.22074e-15,5.22079e-15,5.22085e-15,5.22091e-15,5.221e-15,5.22114e-15,5.22144e-15,5.22295e-15,5.22605e-15,5.22847e-15,5.23046e-15,5.23219e-15,5.23371e-15
carbonprice,NAF,trillion*usd/GtCO2/yr,5.22526e-15,5.22537e-15,5.22554e-15,5.22577e-15,5.22606e-15,5.2264e-15,5.22682e-15,5.22734e-15,5.22803e-15,5.22908e-15,5.23136e-15,5.24285e-15,5.26646e-15,5.28491e-15,5.30012e-15,5.3133e-15,5.32486e-15
carbonprice,WAF,trillion*usd/GtCO2/yr,5.22113e-15,5.22114e-15,5.22119e-15,5.22124e-15,5.22131e-15,5.22138e-15,5.22148e-15,5.22159e-15,5.22175e-15,5.22198e-15,5.22249e-15,5.22505e-15,5.23031e-15,5.23441e-15,5.2378e-15,5.24074e-15,5.24331e-15
carbonprice,EAF,trillion*usd/GtCO2/yr,5.22169e-15,5.22173e-15,5.22179e-15,5.22186e-15,5.22196e-15,5.22207e-15,5.22221e-15,5.22238e-15,5.22261e-15,5.22295e-15,5.2237e-15,5.22749e-15,5.23526e-15,5.24134e-15,5.24634e-15,5.25068e-15,5.25449e-15
carbonprice,SAF,trillion*usd/GtCO2/yr,5.22138e-15,5.22141e-15,5.22145e-15,5.22152e-15,5.22159e-15,5.22169e-15,5.2218e-15,5.22194e-15,5.22213e-15,5.22241e-15,5.22302e-15,5.22613e-15,5.2325e-15,5.23748e-15,5.24158e-15,5.24514e-15,5.24827e-15
carbonprice,WEU,trillion*usd/GtCO2/yr,5.22343e-15,5.22339e-15,5.2236e-15,5.22377e-15,5.22396e-15,5.22419e-15,5.22448e-15,5.22482e-15,5.22528e-15,5.22597e-15,5.22746e-15,5.23502e-15,5.25053e-15,5.26265e-15,5.27264e-15,5.2813e-15,5.28889e-15
carbonprice,CEU,trillion*usd/GtCO2/yr,5.22235e-15,5.2224e-15,5.22248e-15,5.22258e-15,5.22271e-15,5.22287e-15,5.22306e-15,5.2233e-15,5.22361e-15,5.22409e-15,5.22512e-15,5.23033e-15,5.24103e-15,5.24939e-15,5.25629e-15,5.26226e-15,5.26751e-15
carbonprice,TUR,trillion*usd/GtCO2/yr,5.22347e-15,5.22354e-15,5.22365e-15,5.22381e-15,5.224e-15,5.22422e-15,5.2245e-15,5.22485e-15,5.22531e-15,5.226e-15,5.22751e-15,5.23513e-15,5.2508e-15,5.26303e-15,5.27312e-15,5.28186e-15,5.28953e-15
carbonprice,UKR,trillion*usd/GtCO2/yr,5.22239e-15,5.22244e-15,5.22252e-15,5.22262e-15,5.22275e-15,5.22291e-15,5.2231e-15,5.22334e-15,5.22366e-15,5.22414e-15,5.22519e-15,5.23047e-15,5.24133e-15,5.24981e-15,5.25681e-15,5.26287e-15,5.26819e-15
carbonprice,STAN,trillion*usd/GtCO2/yr,5.22529e-15,5.2254e-15,5.22557e-15,5.22581e-15,5.22609e-15,5.22644e-15,5.22686e-15,5.22739e-15,5.22808e-15,5.22914e-15,5.23142e-15,5.24299e-15,5.26675e-15,5.2853e-15,5.30061e-15,5.31387e-15,5.32551e-15
carbonprice,RUS,trillion*usd/GtCO2/yr,5.22409e-15,5.22413e-15,5.2243e-15,5.22449e-15,5.22472e-15,5.22499e-15,5.22532e-15,5.22573e-15,5.22626e-15,5.22708e-15,5.22886e-15,5.23783e-15,5.25627e-15,5.27067e-15,5.28255e-15,5.29284e-15,5.30187e-15
carbonprice,ME,trillion*usd/GtCO2/yr,5.22328e-15,5.22331e-15,5.22345e-15,5.2236e-15,5.22379e-15,5.22401e-15,5.22427e-15,5.22461e-15,5.22504e-15,5.2257e-15,5.22713e-15,5.23435e-15,5.24919e-15,5.26079e-15,5.27034e-15,5.27862e-15,5.28589e-15
carbonprice,INDIA,trillion*usd/GtCO2/yr,5.22184e-15,5.22182e-15,5.22193e-15,5.22203e-15,5.22214e-15,5.22227e-15,5.22242e-15,5.22261e-15,5.22286e-15,5.22323e-15,5.22405e-15,5.22815e-15,5.23659e-15,5.24318e-15,5.24862e-15,5.25333e-15,5.25746e-15
carbonprice,KOR,trillion*usd/GtCO2/yr,5.22232e-15,5.22237e-15,5.22245e-15,5.22255e-15,5.22268e-15,5.22283e-15,5.22302e-15,5.22326e-15,5.22357e-15,5.22404e-15,5.22505e-15,5.2302e-15,5.24078e-15,5.24905e-15,5.25586e-15,5.26177e-15,5.26695e-15
carbonprice,CHN,trillion*usd/GtCO2/yr,5.22157e-15,5.21934e-15,5.22144e-15,5.22174e-15,5.22189e-15,5.22201e-15,5.22213e-15,5.22229e-15,5.22249e-15,5.2228e-15,5.22349e-15,5.227e-15,5.23424e-15,5.23989e-15,5.24455e-15,5.24859e-15,5.25213e-15
carbonprice,SEAS,trillion*usd/GtCO2/yr,5.22213e-15,5.22215e-15,5.22224e-15,5.22234e-15,5.22246e-15,5.2226e-15,5.22277e-15,5.22299e-15,5.22327e-15,5.22371e-15,5.22464e-15,5.22937e-15,5.23908e-15,5.24666e-15,5.25291e-15,5.25833e-15,5.26308e-15
carbonprice,INDO,trillion*usd/GtCO2/yr,5.22187e-15,5.2219e-15,5.22197e-15,5.22206e-15,5.22216e-15,5.22229e-15,5.22244e-15,5.22263e-15,5.22288e-15,5.22326e-15,5.22409e-15,5.22826e-15,5.23684e-15,5.24354e-15,5.24907e-15,5.25385e-15,5.25805e-15
carbonprice,JAP,trillion*usd/GtCO2/yr,5.22187e-15,5.2219e-15,5.22197e-15,5.22205e-15,5.22216e-15,5.22228e-15,5.22244e-15,5.22263e-15,5.22288e-15,5.22326e-15,5.22408e-15,5.22825e-15,5.23681e-15,5.24349e-15,5.24901e-15,5.25379e-15,5.25798e-15
carbonprice,OCE,trillion*usd/GtCO2/yr,5.2211e-15,5.22113e-15,5.22116e-15,5.22121e-15,5.22127e-15,5.22135e-15,5.22144e-15,5.22155e-15,5.2217e-15,5.22193e-15,5.22243e-15,5.22493e-15,5.23007e-15,5.23409e-15,5.2374e-15,5.24027e-15,5.24279e-15
carbonprice,RSAS,trillion*usd/GtCO2/yr,5.22223e-15,5.22228e-15,5.22235e-15,5.22245e-15,5.22257e-15,5.22272e-15,5.2229e-15,5.22313e-15,5.22343e-15,5.22388e-15,5.22486e-15,5.22981e-15,5.23997e-15,5.24791e-15,5.25446e-15,5.26013e-15,5.2651e-15
carbonprice,RSAF,trillion*usd/GtCO2/yr,5.22281e-15,5.22286e-15,5.22296e-15,5.22308e-15,5.22324e-15,5.22342e-15,5.22365e-15,5.22393e-15,5.2243e-15,5.22487e-15,5.22609e-15,5.23229e-15,5.24501e-15,5.25495e-15,5.26314e-15,5.27024e-15,5.27647e-15
global_rel_mitigation_costs,Global,dimensionless,-5.65152e-10,-4.2395e-10,-3.22904e-10,-2.51926e-10,-1.99793e-10,-1.60201e-10,-1.29983e-10,-1.0675e-10,-8.84084e-11,-7.36546e-11,-6.19445e-11,-5.27354e-11,-4.53779e-11,-3.93809e-11,-3.44267e-11,-3.02977e-11,-2.68348e-11
global_emission_reduction_per_cost_unit,Global,GtCO2/trillion/usd,0,2.12379,2.25274,2.33893,2.40629,2.47842,2.5384,2.57088,2.60472,2.66921,2.7529,2.83756,2.91668,2.98999,3.07084,3.17081,3.28104
global_cost_per_emission_reduction_unit,Global,trillion*usd/GtCO2,0,-1.67512e-06,-1.44834e-06,-1.26496e-06,-1.10994e-06,-9.73131e-07,-8.59461e-07,-7.69497e-07,-6.91962e-07,-6.19232e-07,-5.54737e-07,-5.01092e-07,-4.56794e-07,-4.19616e-07,-3.86701e-07,-3.56272e-07,-3.28688e-07
burden_sharing_common_level,Global,fraction_of_GDP,0,0,0,0,0,0,0,0,0,0,0,0,0,0,0,0,0
capital_stock,CAN,trillion*usd/yr,3.06075,3.94538,4.8115,5.67895,6.55762,7.44802,8.34783,9.25649,10.186,11.1566,12.1777,13.2469,14.3572,15.5,16.6689,17.8606,19.0755
capital_stock,USA,trillion*usd/yr,33.4009,42.9322,52.2807,61.3286,70.0069,78.3093,86.2696,93.9511,101.442,108.833,116.137,123.308,130.32,137.171,143.845,150.318,156.623
capital_stock,MEX,trillion*usd/yr,3.686,4.96314,6.31972,7.7609,9.29535,10.9357,12.6937,14.5791,16.5984,18.756,21.0558,23.5013,26.0916,28.8239,31.6989,34.7199,37.8827
capital_stock,RCAM,trillion*usd/yr,1.0413,1.8912,2.79948,3.77929,4.84753,6.02509,7.32903,8.77264,10.3695,12.1335,14.0758,16.205,18.5268,21.0448,23.7604,26.6718,29.7667
capital_stock,BRA,trillion*usd/yr,5.32128,7.05212,8.86852,10.7298,12.6162,14.5294,16.473,18.4468,20.4432,22.4503,24.4669,26.4993,28.5445,30.5914,32.638,34.6912,36.7601
capital_stock,RSAM,trillion*usd/yr,5.99268,7.97139,10.1481,12.5202,15.0885,17.8572,20.8301,24.0089,27.3924,30.9754,34.7443,38.6803,42.7688,46.9983,51.3492,55.7987,60.3428
capital_stock,NAF,trillion*usd/yr,2.49252,3.57114,4.86384,6.36353,8.06715,9.98058,12.1101,14.4611,17.0398,19.8484,22.8676,26.062,29.4063,32.8853,36.4816,40.1776,43.9691
capital_stock,WAF,trillion*usd/yr,1.67816,2.8104,4.29074,6.208,8.69217,11.9147,16.0851,21.4439,28.2574,36.8085,47.3782,60.232,75.5778,93.5864,114.464,138.371,165.096
capital_stock,EAF,trillion*usd/yr,0.886128,1.35569,1.9698,2.76815,3.81165,5.18142,6.97128,9.28564,12.2437,15.9769,20.622,26.3137,33.161,41.2599,50.7405,61.7184,74.0964
capital_stock,SAF,trillion*usd/yr,1.37501,1.82282,2.3264,2.87823,3.47154,4.1019,4.76733,5.46747,6.2016,6.9679,7.76165,8.57594,9.40409,10.2395,11.0731,11.8956,12.708
capital_stock,WEU,trillion*usd/yr,27.8288,35.8186,43.3455,50.6037,57.7402,64.87,72.0744,79.4129,86.9581,94.7827,102.891,111.231,119.772,128.504,137.413,146.479,155.705
capital_stock,CEU,trillion*usd/yr,4.13085,5.78456,7.44029,9.09255,10.7242,12.3149,13.8574,15.3589,16.8383,18.3178,19.7946,21.2456,22.6569,24.0273,25.3643,26.6807,27.9874
capital_stock,TUR,trillion*usd/yr,2.07729,3.08813,4.15389,5.27098,6.43881,7.65898,8.93139,10.2542,11.6259,13.0448,14.5041,15.9932,17.5044,19.0325,20.5708,22.1127,23.6607
capital_stock,UKR,trillion*usd/yr,1.07852,1.40555,1.76848,2.16351,2.58266,3.0174,3.46576,3.93197,4.42298,4.94465,5.49152,6.04977,6.61149,7.17511,7.73859,8.2993,8.85845
capital_stock,STAN,trillion*usd/yr,0.754626,1.30308,1.9387,2.63878,3.37632,4.1239,4.86126,5.57792,6.28152,6.99051,7.70863,8.42657,9.14074,9.85458,10.5713,11.2927,12.0214
capital_stock,RUS,trillion*usd/yr,4.45929,6.61524,8.83632,11.0896,13.3096,15.422,17.4161,19.3381,21.2471,23.1921,25.1635,27.1086,29.0018,30.8477,32.6532,34.4234,36.1687
capital_stock,ME,trillion*usd/yr,7.50372,10.0129,12.8512,16.0051,19.4395,23.1093,26.9899,31.0815,35.4092,40.0096,44.8888,50.0276,55.4181,61.0663,66.9752,73.1421,79.5587
capital_stock,INDIA,trillion*usd/yr,12.7486,18.4856,25.7245,34.485,44.8008,56.7206,70.2619,85.4086,102.125,120.345,139.917,160.628,182.27,204.647,227.516,250.644,274.005
capital_stock,KOR,trillion*usd/yr,4.62268,5.6773,6.80173,7.94565,9.07177,10.1572,11.1852,12.1429,13.0211,13.8152,14.5283,15.1689,15.7458,16.2654,16.7297,17.1387,17.4991
capital_stock,CHN,trillion*usd/yr,53.3604,72.0124,94.1119,117.694,141.495,164.872,187.131,207.534,225.82,242.118,256.51,268.981,279.577,288.419,295.694,301.625,306.448
capital_stock,SEAS,trillion*usd/yr,7.10967,9.04478,11.3711,14.0577,17.0915,20.4763,24.2115,28.2902,32.7071,37.4563,42.5191,47.865,53.4594,59.2664,65.25,71.3801,77.6523
capital_stock,INDO,trillion*usd/yr,2.98336,4.48376,6.33604,8.51568,10.999,13.7664,16.7927,20.0464,23.4909,27.0866,30.7952,34.5828,38.4286,42.3197,46.2354,50.1522,54.0754
capital_stock,JAP,trillion*usd/yr,11.2971,13.0788,14.7005,16.1482,17.432,18.5874,19.6498,20.6484,21.6017,22.5187,23.4001,24.2428,25.0498,25.8296,26.589,27.3323,28.0644
capital_stock,OCE,trillion*usd/yr,2.53847,3.21315,3.90903,4.62328,5.35952,6.12583,6.92539,7.75782,8.62943,9.5507,10.5219,11.5335,12.5753,13.6385,14.7162,15.8048,16.9054
capital_stock,RSAS,trillion*usd/yr,2.34703,3.44021,4.7872,6.42553,8.40833,10.8026,13.6747,17.0902,21.1225,25.8499,31.342,37.6541,44.8111,52.8205,61.7148,71.5319,82.2165
capital_stock,RSAF,trillion*usd/yr,1.11306,1.44527,1.86211,2.37534,3.0201,3.85227,4.93552,6.33785,8.13325,10.4006,13.2208,16.6736,20.8281,25.7487,31.5226,38.2276,45.8047
GDP_gross,CAN,trillion*usd/yr,1.53652,1.69253,1.86149,2.04966,2.24965,2.45265,2.65548,2.85966,3.07975,3.32803,3.59612,3.87231,4.15066,4.42778,4.70449,4.98295,5.26688
GDP_gross,USA,trillion*usd/yr,16.4132,18.327,20.1671,21.83,23.3478,24.7786,26.1677,27.5572,28.9899,30.4863,31.9778,33.396,34.755,36.0781,37.3469,38.5507,39.7484
GDP_gross,MEX,trillion*usd/yr,1.94717,2.28562,2.65354,3.04462,3.46403,3.91831,4.40913,4.93661,5.49926,6.09575,6.72672,7.39225,8.08839,8.81212,9.56752,10.3575,11.1738
GDP_gross,RCAM,trillion*usd/yr,1.00029,1.21689,1.46817,1.74739,2.06176,2.41956,2.82086,3.26491,3.75488,4.29408,4.88245,5.51912,6.20279,6.93206,7.70542,8.51912,9.36061
GDP_gross,BRA,trillion*usd/yr,2.69705,3.16777,3.6406,4.08437,4.51469,4.95243,5.40005,5.85416,6.30568,6.74835,7.19188,7.64491,8.0976,8.54026,8.98082,9.42958,9.89018
GDP_gross,RSAM,trillion*usd/yr,2.98887,3.6019,4.25941,4.95655,5.69676,6.4842,7.31906,8.20005,9.12402,10.0859,11.075,12.0821,13.1082,14.1537,15.2068,16.2592,17.3284
GDP_gross,NAF,trillion*usd/yr,1.38627,1.79666,2.27904,2.79927,3.36054,3.97259,4.63721,5.35467,6.12703,6.95113,7.80213,8.65734,9.52055,10.3983,11.2849,12.1761,13.084
GDP_gross,WAF,trillion*usd/yr,1.18514,1.68382,2.33428,3.16345,4.23858,5.63605,7.4373,9.72362,12.577,16.0742,20.2739,25.2184,30.8981,37.314,44.544,52.5809,61.0213
GDP_gross,EAF,trillion*usd/yr,0.533812,0.739286,1.00925,1.35672,1.81503,2.42086,3.20656,4.20471,5.45512,6.99756,8.86688,11.0898,13.6657,16.6026,19.961,23.7522,27.7524
GDP_gross,SAF,trillion*usd/yr,0.66943,0.819208,0.980815,1.14566,1.31298,1.48409,1.66085,1.84474,2.03529,2.23102,2.42818,2.62317,2.81479,3.00169,3.17953,3.34627,3.51154
GDP_gross,WEU,trillion*usd/yr,14.33,15.3264,16.507,17.8151,19.2365,20.7664,22.3895,24.0983,25.9207,27.8726,29.8896,31.9077,33.9382,36.0024,38.09,40.192,42.333
GDP_gross,CEU,trillion*usd/yr,2.48099,2.82123,3.17987,3.53254,3.8645,4.16816,4.45459,4.73894,5.03677,5.35557,5.67108,5.95923,6.22548,6.48174,6.73802,7.00198,7.27426
GDP_gross,TUR,trillion*usd/yr,1.35505,1.62804,1.90995,2.19951,2.49943,2.81217,3.13605,3.46902,3.8112,4.16182,4.51464,4.86391,5.21051,5.5558,5.89691,6.23259,6.57188
GDP_gross,UKR,trillion*usd/yr,0.514806,0.614285,0.726657,0.842334,0.955617,1.06413,1.17369,1.29115,1.42054,1.56214,1.70396,1.83506,1.95939,2.08263,2.2039,2.32207,2.44104
GDP_gross,STAN,trillion*usd/yr,0.589091,0.80308,1.02304,1.23525,1.42984,1.60046,1.74959,1.88428,2.02343,2.18131,2.34473,2.49922,2.6495,2.80299,2.96012,3.12009,3.28388
GDP_gross,RUS,trillion*usd/yr,2.95513,3.47851,4.01907,4.53524,4.98177,5.33448,5.65131,5.99682,6.39575,6.84898,7.2989,7.69302,8.05134,8.40404,8.75461,9.10222,9.4547
GDP_gross,ME,trillion*usd/yr,3.70371,4.54688,5.47189,6.452,7.45905,8.4738,9.51077,10.5931,11.7504,13.0013,14.3181,15.6723,17.0735,18.5357,20.0571,21.6315,23.2517
GDP_gross,INDIA,trillion*usd/yr,6.85778,9.44652,12.4364,15.773,19.4768,23.5725,28.0341,32.8265,37.9227,43.2799,48.7855,54.3312,59.8813,65.4012,70.7981,76.0271,81.2819
GDP_gross,KOR,trillion*usd/yr,1.89921,2.22756,2.53629,2.80131,3.02698,3.2221,3.38891,3.52818,3.64175,3.73277,3.80914,3.87827,3.94179,3.99916,4.04659,4.08203,4.11328
GDP_gross,CHN,trillion*usd/yr,24.5335,33.2786,41.3233,47.816,53.1521,57.7855,61.5154,64.1445,66.0666,67.6862,68.9708,69.8284,70.3246,70.5608,70.6343,70.6332,70.6166
GDP_gross,SEAS,trillion*usd/yr,2.99228,3.79164,4.66536,5.58744,6.57161,7.63515,8.77364,9.97954,11.2532,12.5929,13.9823,15.4037,16.8457,18.2992,19.7565,21.2169,22.7034
GDP_gross,INDO,trillion*usd/yr,1.74058,2.39496,3.12915,3.91053,4.73482,5.6015,6.50006,7.4177,8.3416,9.26016,10.1667,11.0581,11.9419,12.8235,13.6904,14.5355,15.3868
GDP_gross,JAP,trillion*usd/yr,4.30036,4.51472,4.71159,4.85785,4.97837,5.10499,5.2453,5.39964,5.56196,5.72484,5.8809,6.02564,6.16549,6.30761,6.45172,6.59649,6.74368
GDP_gross,OCE,trillion*usd/yr,1.16657,1.33482,1.50493,1.67631,1.85587,2.04961,2.25354,2.46419,2.68929,2.93507,3.19183,3.44831,3.70153,3.95086,4.19702,4.44181,4.69043
GDP_gross,RSAS,trillion*usd/yr,1.345,1.78231,2.31423,2.94467,3.69992,4.60759,5.68152,6.93492,8.39104,10.0715,11.9831,14.1239,16.4707,19.0079,21.7671,24.761,27.889
GDP_gross,RSAF,trillion*usd/yr,0.480387,0.627778,0.798166,1.00055,1.26472,1.62251,2.09501,2.70102,3.46219,4.40011,5.53427,6.88075,8.44393,10.2338,12.2904,14.6217,17.0847
GDP_net,CAN,trillion*usd/yr,1.53652,1.69253,1.86149,2.04966,2.24965,2.45265,2.65548,2.85966,3.07975,3.32803,3.59612,3.87231,4.15066,4.42778,4.70449,4.98295,5.26688
GDP_net,USA,trillion*usd/yr,16.4132,18.327,20.1671,21.83,23.3478,24.7786,26.1677,27.5572,28.9899,30.4863,31.9778,33.396,34.755,36.0781,37.3469,38.5507,39.7484
GDP_net,MEX,trillion*usd/yr,1.94717,2.28562,2.65354,3.04462,3.46403,3.91831,4.40913,4.93661,5.49926,6.09575,6.72672,7.39225,8.08839,8.81212,9.56752,10.3575,11.1738
GDP_net,RCAM,trillion*usd/yr,1.00029,1.21689,1.46817,1.74739,2.06176,2.41956,2.82086,3.26491,3.75488,4.29408,4.88245,5.51912,6.20279,6.93206,7.70542,8.51912,9.36061
GDP_net,BRA,trillion*usd/yr,2.69705,3.16777,3.6406,4.08437,4.51469,4.95243,5.40005,5.85416,6.30568,6.74835,7.19188,7.64491,8.0976,8.54026,8.98082,9.42958,9.89018
GDP_net,RSAM,trillion*usd/yr,2.98887,3.6019,4.25941,4.95655,5.69676,6.4842,7.31906,8.20005,9.12402,10.0859,11.075,12.0821,13.1082,14.1537,15.2068,16.2592,17.3284
GDP_net,NAF,trillion*usd/yr,1.38627,1.79666,2.27904,2.79927,3.36054,3.97259,4.63721,5.35467,6.12703,6.95113,7.80213,8.65734,9.52055,10.3983,11.2849,12.1761,13.084
GDP_net,WAF,trillion*usd/yr,1.18514,1.68382,2.33428,3.16345,4.23858,5.63605,7.4373,9.72362,12.577,16.0742,20.2739,25.2184,30.8981,37.314,44.544,52.5809,61.0213
GDP_net,EAF,trillion*usd/yr,0.533812,0.739286,1.00925,1.35672,1.81503,2.42086,3.20656,4.20471,5.45512,6.99756,8.86688,11.0898,13.6657,16.6026,19.961,23.7522,27.7524
GDP_net,SAF,trillion*usd/yr,0.66943,0.819208,0.980815,1.14566,1.31298,1.48409,1.66085,1.84474,2.03529,2.23102,2.42818,2.62317,2.81479,3.00169,3.17953,3.34627,3.51154
GDP_net,WEU,trillion*usd/yr,14.33,15.3264,16.507,17.8151,19.2365,20.7664,22.3895,24.0983,25.9207,27.8726,29.8896,31.9077,33.9382,36.0024,38.09,40.192,42.333
GDP_net,CEU,trillion*usd/yr,2.48099,2.82123,3.17987,3.53254,3.8645,4.16816,4.45459,4.73894,5.03677,5.35557,5.67108,5.95923,6.22548,6.48174,6.73802,7.00198,7.27426
GDP_net,TUR,trillion*usd/yr,1.35505,1.62804,1.90995,2.19951,2.49943,2.81217,3.13605,3.46902,3.8112,4.16182,4.51464,4.86391,5.21051,5.5558,5.89691,6.23259,6.57188
GDP_net,UKR,trillion*usd/yr,0.514806,0.614285,0.726657,0.842334,0.955617,1.06413,1.17369,1.29115,1.42054,1.56214,1.70396,1.83506,1.95939,2.08263,2.2039,2.32207,2.44104
GDP_net,STAN,trillion*usd/yr,0.589091,0.80308,1.02304,1.23525,1.42984,1.60046,1.74959,1.88428,2.02343,2.18131,2.34473,2.49922,2.6495,2.80299,2.96012,3.12009,3.28388
GDP_net,RUS,trillion*usd/yr,2.95513,3.47851,4.01907,4.53524,4.98177,5.33448,5.65131,5.99682,6.39575,6.84898,7.2989,7.69302,8.05134,8.40404,8.75461,9.10222,9.4547
GDP_net,ME,trillion*usd/yr,3.70371,4.54688,5.47189,6.452,7.45905,8.4738,9.51077,10.5931,11.7504,13.0013,14.3181,15.6723,17.0735,18.5357,20.0571,21.6315,23.2517
GDP_net,INDIA,trillion*usd/yr,6.85778,9.44652,12.4364,15.773,19.4768,23.5725,28.0341,32.8265,37.9227,43.2799,48.7855,54.3312,59.8813,65.4012,70.7981,76.0271,81.2819
GDP_net,KOR,trillion*usd/yr,1.89921,2.22756,2.53629,2.80131,3.02698,3.2221,3.38891,3.52818,3.64175,3.73277,3.80914,3.87827,3.94179,3.99916,4.04659,4.08203,4.11328
GDP_net,CHN,trillion*usd/yr,24.5335,33.2786,41.3233,47.816,53.1521,57.7855,61.5154,64.1445,66.0666,67.6862,68.9708,69.8284,70.3246,70.5608,70.6343,70.6332,70.6166
GDP_net,SEAS,trillion*usd/yr,2.99228,3.79164,4.66536,5.58744,6.57161,7.63515,8.77364,9.97954,11.2532,12.5929,13.9823,15.4037,16.8457,18.2992,19.7565,21.2169,22.7034
GDP_net,INDO,trillion*usd/yr,1.74058,2.39496,3.12915,3.91053,4.73482,5.6015,6.50006,7.4177,8.3416,9.26016,10.1667,11.0581,11.9419,12.8235,13.6904,14.5355,15.3868
GDP_net,JAP,trillion*usd/yr,4.30036,4.51472,4.71159,4.85785,4.97837,5.10499,5.2453,5.39964,5.56196,5.72484,5.8809,6.02564,6.16549,6.30761,6.45172,6.59649,6.74368
GDP_net,OCE,trillion*usd/yr,1.16657,1.33482,1.50493,1.67631,1.85587,2.04961,2.25354,2.46419,2.68929,2.93507,3.19183,3.44831,3.70153,3.95086,4.19702,4.44181,4.69043
GDP_net,RSAS,trillion*usd/yr,1.345,1.78231,2.31423,2.94467,3.69992,4.60759,5.68152,6.93492,8.39104,10.0715,11.9831,14.1239,16.4707,19.0079,21.7671,24.761,27.889
GDP_net,RSAF,trillion*usd/yr,0.480387,0.627778,0.798166,1.00055,1.26472,1.62251,2.09501,2.70102,3.46219,4.40011,5.53427,6.88075,8.44393,10.2338,12.2904,14.6217,17.0847
investments,CAN,trillion*usd/yr,0.32267,0.355431,0.390913,0.430428,0.472427,0.515056,0.557651,0.600529,0.646748,0.698885,0.755185,0.813185,0.871639,0.929835,0.987943,1.04642,1.10604
investments,USA,trillion*usd/yr,3.44678,3.84866,4.23509,4.58431,4.90303,5.2035,5.49522,5.78701,6.08788,6.40213,6.71534,7.01315,7.29854,7.5764,7.84285,8.09565,8.34717
investments,MEX,trillion*usd/yr,0.408907,0.47998,0.557244,0.639369,0.727446,0.822845,0.925917,1.03669,1.15484,1.28011,1.41261,1.55237,1.69856,1.85055,2.00918,2.17507,2.3465
investments,RCAM,trillion*usd/yr,0.21006,0.255546,0.308316,0.366951,0.432969,0.508108,0.592381,0.68563,0.788526,0.901757,1.02532,1.15902,1.30258,1.45573,1.61814,1.78902,1.96573
investments,BRA,trillion*usd/yr,0.566381,0.665231,0.764526,0.857717,0.948084,1.04001,1.13401,1.22937,1.32419,1.41715,1.51029,1.60543,1.7005,1.79346,1.88597,1.98021,2.07694
investments,RSAM,trillion*usd/yr,0.627662,0.756398,0.894476,1.04088,1.19632,1.36168,1.537,1.72201,1.91604,2.11804,2.32576,2.53723,2.75272,2.97228,3.19343,3.41443,3.63897
investments,NAF,trillion*usd/yr,0.291117,0.377298,0.478598,0.587847,0.705713,0.834245,0.973814,1.12448,1.28668,1.45974,1.63845,1.81804,1.99932,2.18364,2.36984,2.55698,2.74764
investments,WAF,trillion*usd/yr,0.248879,0.353603,0.490198,0.664325,0.890101,1.18357,1.56183,2.04196,2.64117,3.37557,4.25753,5.29587,6.48859,7.83594,9.35423,11.042,12.8145
investments,EAF,trillion*usd/yr,0.1121,0.15525,0.211943,0.284911,0.381155,0.508381,0.673378,0.88299,1.14558,1.46949,1.86204,2.32886,2.8698,3.48654,4.1918,4.98796,5.828
investments,SAF,trillion*usd/yr,0.14058,0.172034,0.205971,0.240588,0.275727,0.311658,0.348779,0.387396,0.427411,0.468514,0.509918,0.550865,0.591106,0.630354,0.667701,0.702717,0.737422
investments,WEU,trillion*usd/yr,3.00929,3.21855,3.46647,3.74116,4.03967,4.36093,4.7018,5.06065,5.44335,5.85325,6.27682,6.70062,7.12702,7.5605,7.99891,8.44031,8.88993
investments,CEU,trillion*usd/yr,0.521008,0.592459,0.667773,0.741833,0.811545,0.875314,0.935463,0.995178,1.05772,1.12467,1.19093,1.25144,1.30735,1.36117,1.41498,1.47042,1.52759
investments,TUR,trillion*usd/yr,0.28456,0.341888,0.40109,0.461898,0.524881,0.590556,0.658571,0.728495,0.800353,0.873982,0.948075,1.02142,1.09421,1.16672,1.23835,1.30884,1.3801
investments,UKR,trillion*usd/yr,0.108109,0.129,0.152598,0.17689,0.20068,0.223466,0.246476,0.271141,0.298314,0.32805,0.357832,0.385364,0.411473,0.437352,0.46282,0.487634,0.512619
investments,STAN,trillion*usd/yr,0.123709,0.168647,0.214838,0.259403,0.300267,0.336096,0.367415,0.395698,0.42492,0.458074,0.492393,0.524836,0.556396,0.588628,0.621624,0.655218,0.689615
investments,RUS,trillion*usd/yr,0.620578,0.730488,0.844005,0.9524,1.04617,1.12024,1.18678,1.25933,1.34311,1.43829,1.53277,1.61553,1.69078,1.76485,1.83847,1.91147,1.98549
investments,ME,trillion*usd/yr,0.77778,0.954845,1.1491,1.35492,1.5664,1.7795,1.99726,2.22456,2.46759,2.73027,3.00679,3.29119,3.58543,3.8925,4.21199,4.54261,4.88286
investments,INDIA,trillion*usd/yr,1.44013,1.98377,2.61165,3.31232,4.09012,4.95023,5.88716,6.89357,7.96377,9.08879,10.245,11.4096,12.5751,13.7343,14.8676,15.9657,17.0692
investments,KOR,trillion*usd/yr,0.398834,0.467788,0.532621,0.588275,0.635666,0.67664,0.71167,0.740918,0.764767,0.783882,0.799919,0.814436,0.827775,0.839823,0.849783,0.857227,0.863789
investments,CHN,trillion*usd/yr,5.15204,6.98851,8.67789,10.0414,11.1619,12.135,12.9182,13.4703,13.874,14.2141,14.4839,14.664,14.7682,14.8178,14.8332,14.833,14.8295
investments,SEAS,trillion*usd/yr,0.62838,0.796243,0.979726,1.17336,1.38004,1.60338,1.84246,2.0957,2.36316,2.6445,2.93629,3.23477,3.5376,3.84282,4.14887,4.45554,4.76772
investments,INDO,trillion*usd/yr,0.365523,0.502941,0.657122,0.821211,0.994313,1.17632,1.36501,1.55772,1.75174,1.94463,2.135,2.3222,2.50781,2.69293,2.87499,3.05245,3.23122
investments,JAP,trillion*usd/yr,0.903076,0.948091,0.989433,1.02015,1.04546,1.07205,1.10151,1.13392,1.16801,1.20222,1.23499,1.26538,1.29475,1.3246,1.35486,1.38526,1.41617
investments,OCE,trillion*usd/yr,0.244981,0.280311,0.316036,0.352025,0.389732,0.430418,0.473242,0.51748,0.56475,0.616364,0.670284,0.724145,0.777321,0.829681,0.881374,0.932781,0.98499
investments,RSAS,trillion*usd/yr,0.282451,0.374285,0.485988,0.618382,0.776984,0.967594,1.19312,1.45633,1.76212,2.11502,2.51646,2.96603,3.45884,3.99166,4.57109,5.1998,5.85669
investments,RSAF,trillion*usd/yr,0.100881,0.131833,0.167615,0.210116,0.265592,0.340726,0.439952,0.567214,0.727059,0.924022,1.1622,1.44496,1.77323,2.14909,2.58099,3.07056,3.58779
consumption,CAN,trillion*usd/yr,1.21385,1.3371,1.47058,1.61923,1.77722,1.93759,2.09783,2.25913,2.433,2.62914,2.84094,3.05912,3.27902,3.49795,3.71655,3.93653,4.16083
consumption,USA,trillion*usd/yr,12.9665,14.4783,15.932,17.2457,18.4447,19.5751,20.6725,21.7702,22.902,24.0842,25.2625,26.3828,27.4564,28.5017,29.5041,30.4551,31.4013
consumption,MEX,trillion*usd/yr,1.53827,1.80564,2.0963,2.40525,2.73658,3.09547,3.48321,3.89992,4.34442,4.81564,5.31411,5.83987,6.38983,6.96158,7.55834,8.1824,8.82733
consumption,RCAM,trillion*usd/yr,0.790227,0.96134,1.15985,1.38043,1.62879,1.91146,2.22848,2.57928,2.96636,3.39233,3.85714,4.36011,4.9002,5.47633,6.08728,6.7301,7.39488
consumption,BRA,trillion*usd/yr,2.13067,2.50254,2.87607,3.22665,3.5666,3.91242,4.26604,4.62479,4.98149,5.3312,5.68158,6.03948,6.3971,6.74681,7.09485,7.44937,7.81324
consumption,RSAM,trillion*usd/yr,2.3612,2.8455,3.36493,3.91568,4.50044,5.12252,5.78205,6.47804,7.20797,7.96787,8.74927,9.54484,10.3555,11.1814,12.0134,12.8448,13.6895
consumption,NAF,trillion*usd/yr,1.09515,1.41936,1.80044,2.21143,2.65483,3.13835,3.66339,4.23019,4.84035,5.4914,6.16368,6.8393,7.52123,8.21466,8.9151,9.61911,10.3364
consumption,WAF,trillion*usd/yr,0.936259,1.33022,1.84408,2.49913,3.34848,4.45248,5.87546,7.68166,9.93582,12.6986,16.0164,19.9226,24.4095,29.478,35.1897,41.5389,48.2068
consumption,EAF,trillion*usd/yr,0.421711,0.584036,0.797308,1.07181,1.43387,1.91248,2.53318,3.32172,4.30955,5.52808,7.00483,8.76094,10.7959,13.116,15.7692,18.7642,21.9244
consumption,SAF,trillion*usd/yr,0.52885,0.647175,0.774844,0.905071,1.03726,1.17243,1.31207,1.45735,1.60788,1.7625,1.91826,2.0723,2.22369,2.37133,2.51183,2.64355,2.77411
consumption,WEU,trillion*usd/yr,11.3207,12.1079,13.0405,14.0739,15.1969,16.4054,17.6877,19.0377,20.4774,22.0194,23.6128,25.2071,26.8112,28.4419,30.0911,31.7516,33.4431
consumption,CEU,trillion*usd/yr,1.95998,2.22878,2.5121,2.79071,3.05296,3.29285,3.51912,3.74376,3.97905,4.2309,4.48015,4.70779,4.91813,5.12058,5.32304,5.53157,5.74666
consumption,TUR,trillion*usd/yr,1.07049,1.28615,1.50886,1.73762,1.97455,2.22162,2.47748,2.74053,3.01085,3.28784,3.56657,3.84249,4.1163,4.38908,4.65856,4.92375,5.19179
consumption,UKR,trillion*usd/yr,0.406697,0.485285,0.574059,0.665444,0.754938,0.84066,0.927218,1.02001,1.12223,1.23409,1.34613,1.4497,1.54792,1.64528,1.74108,1.83443,1.92842
consumption,STAN,trillion*usd/yr,0.465382,0.634433,0.808201,0.975851,1.12957,1.26436,1.38218,1.48858,1.59851,1.72323,1.85234,1.97438,2.09311,2.21436,2.33849,2.46487,2.59426
consumption,RUS,trillion*usd/yr,2.33455,2.74802,3.17507,3.58284,3.93559,4.21424,4.46453,4.73748,5.05265,5.41069,5.76613,6.07749,6.36056,6.63919,6.91614,7.19075,7.46921
consumption,ME,trillion*usd/yr,2.92593,3.59204,4.3228,5.09708,5.89265,6.6943,7.51351,8.36858,9.28282,10.271,11.3113,12.3811,13.4881,14.6432,15.8451,17.0889,18.3689
consumption,INDIA,trillion*usd/yr,5.41764,7.46275,9.82476,12.4607,15.3866,18.6223,22.1469,25.9329,29.9589,34.1911,38.5406,42.9217,47.3063,51.6669,55.9305,60.0614,64.2127
consumption,KOR,trillion*usd/yr,1.50038,1.75978,2.00367,2.21303,2.39131,2.54546,2.67724,2.78726,2.87698,2.94889,3.00922,3.06383,3.11401,3.15934,3.1968,3.22481,3.24949
consumption,CHN,trillion*usd/yr,19.3815,26.2901,32.6454,37.7746,41.9902,45.6506,48.5972,50.6741,52.1926,53.4721,54.4869,55.1644,55.5564,55.7431,55.8011,55.8002,55.7871
consumption,SEAS,trillion*usd/yr,2.3639,2.99539,3.68564,4.41408,5.19157,6.03177,6.93117,7.88383,8.89,9.94836,11.046,12.1689,13.3081,14.4563,15.6077,16.7613,17.9357
consumption,INDO,trillion*usd/yr,1.37506,1.89202,2.47203,3.08932,3.74051,4.42519,5.13505,5.85998,6.58986,7.31553,8.03168,8.73588,9.43413,10.1306,10.8154,11.483,12.1555
consumption,JAP,trillion*usd/yr,3.39729,3.56663,3.72215,3.8377,3.93291,4.03294,4.14378,4.26571,4.39395,4.52262,4.64591,4.76025,4.87074,4.98302,5.09686,5.21123,5.32751
consumption,OCE,trillion*usd/yr,0.921594,1.0545,1.1889,1.32429,1.46614,1.61919,1.78029,1.94671,2.12454,2.3187,2.52155,2.72416,2.92421,3.12118,3.31565,3.50903,3.70544
consumption,RSAS,trillion*usd/yr,1.06255,1.40802,1.82824,2.32629,2.92294,3.64,4.4884,5.47858,6.62892,7.95651,9.46667,11.1579,13.0118,15.0163,17.196,19.5612,22.0323
consumption,RSAF,trillion*usd/yr,0.379505,0.495945,0.630552,0.790437,0.999131,1.28178,1.65506,2.1338,2.73513,3.47608,4.37207,5.43579,6.67071,8.08469,9.70943,11.5512,13.4969
utility,CAN,dimensionless,2.46347,2.51192,2.56343,2.62115,2.67892,2.73142,2.77826,2.8214,2.86738,2.92051,2.97745,3.03472,3.09126,3.14716,3.20463,3.26525,3.32656
utility,USA,dimensionless,2.62739,2.69979,2.76027,2.80777,2.84671,2.88096,2.91191,2.94051,2.96885,2.99836,3.02778,3.05606,3.08399,3.11237,3.14096,3.16945,3.19791
utility,MEX,dimensionless,1.50842,1.6248,1.73694,1.84412,1.94912,2.05404,2.15955,2.26571,2.37099,2.47391,2.57408,2.67141,2.7662,2.85895,2.94989,3.03876,3.12467
utility,RCAM,dimensionless,1.13378,1.2901,1.44452,1.59152,1.73564,1.87982,2.0229,2.16403,2.30285,2.43877,2.57124,2.70002,2.82509,2.94653,3.06417,3.17758,3.2856
utility,BRA,dimensionless,1.31041,1.44007,1.55408,1.65041,1.73775,1.82283,1.90756,1.99245,2.07601,2.15736,2.23847,2.32079,2.40271,2.48273,2.56136,2.63932,2.71753
utility,RSAM,dimensionless,1.37348,1.51718,1.64824,1.76945,1.88413,1.99464,2.10218,2.20743,2.31018,2.40999,2.50651,2.59976,2.69044,2.77893,2.86458,2.94703,3.02734
utility,NAF,dimensionless,0.732942,0.939417,1.13214,1.29957,1.4501,1.59054,1.72406,1.8528,1.97787,2.09915,2.21407,2.32139,2.4226,2.51889,2.61061,2.69825,2.78282
utility,WAF,dimensionless,-0.431945,-0.190847,0.0334091,0.242836,0.448338,0.653637,0.859948,1.06627,1.26949,1.46683,1.65666,1.83822,2.00991,2.17216,2.3279,2.477,2.61087
utility,EAF,dimensionless,-0.753338,-0.532741,-0.317075,-0.107796,0.104977,0.322547,0.54105,0.75732,0.969936,1.17742,1.37835,1.57157,1.75509,1.92946,2.09849,2.26186,2.40879
utility,SAF,dimensionless,1.25866,1.42386,1.57302,1.70334,1.81947,1.92559,2.02508,2.12021,2.21211,2.3015,2.38825,2.47232,2.55345,2.63114,2.70516,2.77604,2.84607
utility,WEU,dimensionless,2.27382,2.32477,2.38429,2.44708,2.51175,2.57782,2.6445,2.71154,2.78009,2.85045,2.91969,2.98556,3.04899,3.11133,3.17344,3.23592,3.29814
utility,CEU,dimensionless,1.74094,1.87451,2.00189,2.11796,2.22074,2.31017,2.39125,2.46916,2.549,2.63339,2.71721,2.79577,2.86945,2.93938,3.00693,3.07342,3.14025
utility,TUR,dimensionless,1.5346,1.67444,1.79703,1.9074,2.01021,2.10844,2.20331,2.29566,2.38578,2.4735,2.55814,2.63946,2.71814,2.79452,2.86801,2.93834,3.0071
utility,UKR,dimensionless,0.991449,1.19243,1.38232,1.54959,1.69345,1.81736,1.93064,2.04057,2.15094,2.26221,2.36707,2.46096,2.54781,2.63133,2.71148,2.78819,2.86381
utility,STAN,dimensionless,0.927325,1.2027,1.41774,1.58578,1.71704,1.81941,1.90363,1.97903,2.0559,2.13918,2.22197,2.2989,2.37266,2.446,2.51827,2.58852,2.65767
utility,RUS,dimensionless,1.68649,1.85569,2.0073,2.13462,2.23401,2.30709,2.3695,2.43445,2.50562,2.58213,2.65528,2.71908,2.77751,2.83494,2.89186,2.94816,3.00453
utility,ME,dimensionless,1.40607,1.53032,1.64358,1.7437,1.8313,1.90886,1.98187,2.05473,2.13029,2.20941,2.28949,2.36868,2.44759,2.52678,2.60603,2.68478,2.7614
utility,INDIA,dimensionless,0.369096,0.637645,0.867113,1.0648,1.24101,1.40245,1.55242,1.6936,1.82791,1.95634,2.07795,2.19238,2.30113,2.4054,2.50483,2.59949,2.69183
utility,KOR,dimensionless,1.99619,2.14948,2.27885,2.38459,2.47603,2.56053,2.64001,2.71475,2.78503,2.85117,2.91491,2.97768,3.03939,3.09932,3.15587,3.20839,3.26121
utility,CHN,dimensionless,1.61057,1.91008,2.12877,2.28504,2.4089,2.51766,2.61198,2.69151,2.76346,2.83351,2.90077,2.96364,3.0234,3.08141,3.13661,3.18808,3.24027
utility,SEAS,dimensionless,0.788043,0.983044,1.15575,1.30858,1.4501,1.58573,1.71591,1.84069,1.96105,2.07761,2.18997,2.29789,2.40141,2.5006,2.59548,2.68636,2.77472
utility,INDO,dimensionless,0.661072,0.945557,1.18501,1.38651,1.56322,1.7239,1.87183,2.00889,2.13656,2.25606,2.36853,2.47497,2.57696,2.67538,2.76961,2.85957,2.94812
utility,JAP,dimensionless,2.29017,2.35449,2.41699,2.47028,2.51982,2.57176,2.6267,2.68401,2.74361,2.80542,2.86756,2.92842,2.98956,3.05261,3.11668,3.18077,3.24658
utility,OCE,dimensionless,2.2897,2.36126,2.42434,2.48125,2.53646,2.59233,2.64686,2.69943,2.75454,2.81498,2.87687,2.93688,2.99496,3.05203,3.11013,3.17069,3.23179
utility,RSAS,dimensionless,-0.234546,-0.0213458,0.179042,0.367046,0.549237,0.728463,0.904351,1.07716,1.24753,1.41522,1.57854,1.73604,1.88614,2.0289,2.167,2.30122,2.42684
utility,RSAF,dimensionless,-0.212533,-0.0496888,0.0938748,0.2316,0.385999,0.563576,0.755938,0.954813,1.15471,1.35186,1.54414,1.7302,1.90775,2.07686,2.24171,2.40228,2.54692
yearly_welfare,Global,dimensionless,7.31227,9.11443,10.7623,12.2554,13.6651,15.0315,16.3508,17.6123,18.8192,19.9702,21.0441,22.0239,22.9039,23.6857,24.3779,24.9852,25.5062
NPV,Global,dimensionless,0,42.2793,88.5954,137.526,188.143,239.798,291.927,344.02,395.661,446.5,496.203,544.461,591.021,635.692,678.345,718.903,757.314
